aroon_len,atr_entry_len,atr_filter_mult,atr_exit_len,atr_exit_mult,stop_loss_pct,take_profit_pct,avg_return_pct,avg_sharpe,avg_max_drawdown,total_trades,avg_win_rate,avg_rr_ratio,avg_profit_factor,avg_trade_pnl,avg_expectancy,stock_win_rate,stocks_tested,winning_stocks,composite_score
14,10,1.5,5,2,0.05,0.13,5.679936183256078,-0.6806427031340866,16.102537330477347,374,36.909635199108884,1.782339578613086,1.6940058415422938,101.91095675747138,62.835182612385374,43.859649122807014,57,25,0.0
14,10,1.5,5,2,0.05,0.13,16.928013948955225,-0.3462769095687451,18.572000486710287,361,35.5583402951824,2.677958949893256,2.128476107034658,343.64239481403274,275.5579496166815,52.63157894736842,57,30,0.0
14,10,1.5,5,2.5,0.05,0.13,6.597992242139775,0.019444947716785038,16.61857299796583,341,36.13756613756614,1.8756623803275685,1.8629799752413487,120.37843055322705,69.00837588269916,52.63157894736842,57,30,0.004063228539850698
14,10,1.5,5,2.5,0.05,0.13,23.872542135050583,0.10450591090845683,19.115571266211308,316,31.605402394876076,2.8751996845722756,2.487440353758452,542.0413911272968,376.0505038279692,59.64912280701754,57,34,0.0778495853261823
14,10,1.5,5,3.0,0.05,0.13,7.628846954472465,-0.10981330990499091,16.559896880360647,319,35.65580618212197,1.7200674662148523,1.5043633725577568,148.6539066499574,67.50588721632185,52.63157894736842,57,30,0.0
14,10,1.5,5,3.0,0.05,0.13,25.193628931549153,-0.45686219104784964,19.694486479720062,280,30.060568086883876,4.204629634179678,5.201878807441896,618.914223452942,421.71220929926596,56.14035087719298,57,32,0.0
14,10,1.5,5,3.5,0.05,0.13,8.788619550020888,-0.03397257208454837,16.548867177876406,295,36.20300751879699,1.7664968898777582,1.6725656836037845,182.12434850826082,88.1836579728705,57.89473684210527,57,33,0.0
14,10,1.5,5,3.5,0.05,0.13,29.731546930798018,-0.24335724981902385,19.891216036099042,241,25.45530492898914,2.440665025506091,1.540123994403166,657.3159158232354,350.9174984090949,56.14035087719298,57,32,0.0
14,10,1.5,10,2,0.05,0.13,5.655493626626928,-0.7607949581335585,15.965023179167927,367,37.20272904483431,1.7710490507853682,1.7127169968161087,101.63380000900312,62.953467294553604,42.10526315789473,57,24,0.0
14,10,1.5,10,2,0.05,0.13,18.670562011301207,-0.2920617235675753,18.076559819282746,349,36.25870231133389,2.6397521172318523,2.5151535635986453,400.60616450719306,315.1008269653449,49.122807017543856,57,28,0.0
14,10,1.5,10,2.5,0.05,0.13,6.949471341899257,-0.9178424213710276,16.409595504867177,336,36.663881927039824,1.8133658321922643,1.7348606117379282,120.7134281634526,70.40243555888438,54.385964912280706,57,31,0.0
14,10,1.5,10,2.5,0.05,0.13,23.579892300363436,-0.3995096629725013,19.145172022757365,308,32.56404901141743,2.6458951844387095,1.98351542534151,548.2314804433123,387.6400093810349,57.89473684210527,57,33,0.0
14,10,1.5,10,3.0,0.05,0.13,7.810124951993899,-0.10647437077647796,16.491460165913,311,35.66694514062935,1.6936599245603863,1.4826589069690457,159.3632159221477,79.84179664939843,54.385964912280706,57,31,0.0
14,10,1.5,10,3.0,0.05,0.13,25.793533628863116,-0.004418665818370104,19.591251066491726,270,29.52659426343637,4.161862451467492,5.030940272102942,622.644986728778,419.5819855786119,57.89473684210527,57,33,0.0
14,10,1.5,10,3.5,0.05,0.13,8.81740411728957,0.19054591361192535,16.680859114650595,289,36.87552213868003,1.6326367038355705,1.5664395005079106,171.13162186309876,74.22503780273206,56.14035087719298,57,32,0.056545375638549805
14,10,1.5,10,3.5,0.05,0.13,29.44044228847271,-0.11409134365624479,20.135790204421227,237,26.098579782790306,2.3480839568221645,1.5318386890124702,690.3703210159405,398.9169045165349,54.385964912280706,57,31,0.0
14,10,1.5,14,2,0.05,0.13,6.272270979033418,-0.7882887281217773,15.76936454186071,366,37.72208298524088,1.7963452592470044,1.765875297225688,106.45902260438831,68.30477397185123,42.10526315789473,57,24,0.0
14,10,1.5,14,2,0.05,0.13,20.567664125236707,0.16002882030631105,17.68779121741134,345,35.57296017822333,2.6631386659858194,2.457379490145632,389.2565396444376,302.1878881542088,49.122807017543856,57,28,0.09140979767414373
14,10,1.5,14,2.5,0.05,0.13,6.9547086383561405,-4.7148718593186665,16.3074680729405,335,37.48259537733222,1.727115406632439,1.6952894135685377,116.58024110396178,66.37427519226958,50.877192982456144,57,29,0.0
14,10,1.5,14,2.5,0.05,0.13,25.328367396628124,1.4177708667725097,18.716485360790188,316,34.03021442495127,2.5662022305661374,1.9655752837796139,538.9757507266714,368.15854571175754,56.14035087719298,57,32,1.0771199476564122
14,10,1.5,14,3.0,0.05,0.13,7.55593174017626,-0.04473292052149952,16.753172980540338,307,35.55764411027569,1.6767258292162577,1.4606122969003728,153.9998335157896,74.75653121978195,56.14035087719298,57,32,0.0
14,10,1.5,14,3.0,0.05,0.13,25.598878325640495,-0.3064303138914174,19.716275872292393,264,27.575187969924812,2.5840070735197607,1.915834643456864,676.0091378177142,438.908745127395,57.89473684210527,57,33,0.0
14,10,1.5,14,3.5,0.05,0.13,8.551881048935414,0.2225407813893156,16.891688048057627,289,36.61236424394319,1.6226101130543653,1.56474521107017,167.24767662609514,67.19593213550291,54.385964912280706,57,31,0.06127524351963142
14,10,1.5,14,3.5,0.05,0.13,29.173920706811554,-0.043774255369619285,20.27957660814501,236,25.864661654135336,2.3687284204003984,1.5595624355553632,694.6729575181556,393.52596709665835,56.14035087719298,57,32,0.0
14,10,2.0,5,2,0.05,0.13,5.698587811076955,-0.6938054085290504,16.135866277246407,375,37.072542467279305,1.7836823198211946,1.698263524975781,101.09247136574915,62.58299611781878,45.614035087719294,57,26,0.0
14,10,2.0,5,2,0.05,0.13,16.879355811024414,-0.3398606126271238,18.575631053518084,362,35.721247563352826,2.66741239564494,2.111065237840842,334.30360488026736,269.87051471810287,54.385964912280706,57,31,0.0
14,10,2.0,5,2.5,0.05,0.13,6.618132498705365,0.01085637506687921,16.567517508910097,342,36.30047340573656,1.888040921696893,1.8681358714380085,120.19787877398,69.77131296039443,52.63157894736842,57,30,0.002282491965619097
14,10,2.0,5,2.5,0.05,0.13,23.82719365589033,0.11117477298093341,19.09532961214814,317,31.7683096630465,2.8841928254620304,2.4769700113938615,533.659953761559,371.57334361499795,59.64912280701754,57,34,0.08274772222961872
14,10,2.0,5,3.0,0.05,0.13,7.65543703378894,-0.11066997650026562,16.51190014151121,320,35.86048454469507,1.7537279809719,1.5076177235548422,148.8285892258692,68.4508219063102,54.385964912280706,57,31,0.0
14,10,2.0,5,3.0,0.05,0.13,25.167454703585854,-0.4370702597975712,19.672721532138674,281,30.265246449456974,4.2360854401946915,5.19188826234972,612.2187999478393,418.27200406253326,57.89473684210527,57,33,0.0
14,10,2.0,5,3.5,0.05,0.13,8.966183772781513,-0.04409586333039909,16.57018323615292,296,36.553884711779446,1.7491504079182298,1.7033039591715202,189.69053331899778,92.655487456096,57.89473684210527,57,33,0.0
14,10,2.0,5,3.5,0.05,0.13,29.729198252397957,-0.09442873586205665,19.938763885643606,242,25.952380952380953,2.4573687279524594,1.5394304156877652,655.6335270799474,347.94574653983983,56.14035087719298,57,32,0.0
14,10,2.0,10,2,0.05,0.13,5.681971252892436,-0.7270290522668822,15.947458109858822,368,37.365636313004735,1.775378644883263,1.7202745219920055,101.55887105808806,63.558781880752875,43.859649122807014,57,25,0.0
14,10,2.0,10,2,0.05,0.13,18.63155090184087,-0.24303838297851674,18.089808584966207,350,36.42160957950431,2.6406963108501773,2.5070848502132916,392.33034996978716,310.4660442608776,50.877192982456144,57,29,0.0
14,10,2.0,10,2.5,0.05,0.13,6.97028508099213,-0.9262316984111143,16.35699584055519,337,36.826789195210246,1.8219230999331764,1.7404727058371852,120.54027069077547,71.11716631784371,54.385964912280706,57,31,0.0
14,10,2.0,10,2.5,0.05,0.13,23.547941732176536,-0.38725034216703474,19.118804149713426,309,32.72695627958786,2.652247743437587,1.9758826233515059,541.1882168896205,383.96960021327317,57.89473684210527,57,33,0.0
14,10,2.0,10,3.0,0.05,0.13,7.843355045294322,-0.09990674214983089,16.451943477312746,312,35.93010303536619,1.7278342885901363,1.4887566599398563,160.4251860034215,81.43497605742775,56.14035087719298,57,32,0.0
14,10,2.0,10,3.0,0.05,0.13,25.773999414883768,0.022797560653830148,19.577966169159524,271,29.78975215817321,4.193832106755207,5.023793128984492,616.8368507290372,416.7900250599202,59.64912280701754,57,34,0.01790221142444097
14,10,2.0,10,3.5,0.05,0.13,8.957785595469186,0.4057236463928819,16.690950629375898,290,36.787802840434416,1.6817720345171803,1.58544761611575,176.6959512694689,78.98625720561671,57.89473684210527,57,33,0.12606339389375784
14,10,2.0,10,3.5,0.05,0.13,29.614084376111443,-0.08208492340597127,20.071162369772967,237,26.098579782790306,2.378431264754446,1.547012342978611,695.6232017749093,402.8226868097087,56.14035087719298,57,32,0.0
14,10,2.0,14,2,0.05,0.13,6.298748605298926,-0.7545228222551009,15.751799472551605,367,37.8849902534113,1.800674853344899,1.7734328224015845,106.38409365347322,68.91008855805049,43.859649122807014,57,25,0.0
14,10,2.0,14,2,0.05,0.13,20.52865301577637,0.20905216089536968,17.701039983094805,346,35.73586744639376,2.664082859604145,2.4493107767602793,380.98072510703173,297.5531054497416,50.877192982456144,57,29,0.1233500910385792
14,10,2.0,14,2.5,0.05,0.13,6.975522377449011,-4.723261136358753,16.254868408628514,336,37.645502645502646,1.7356726743733513,1.7009015076677947,116.40708363128466,67.08900595122891,50.877192982456144,57,29,0.0
14,10,2.0,14,2.5,0.05,0.13,25.29641682844122,1.4300301875779762,18.69011748774625,317,34.19312169312169,2.572554789565015,1.9579424817896098,531.9324871729798,364.4881365439958,56.14035087719298,57,32,1.0865940072717655
14,10,2.0,14,3.0,0.05,0.13,7.701702741669222,0.049441128495310446,16.774489038816853,308,35.46992481203007,1.733217196204199,1.4832984306613783,159.67691509564762,79.64459681784048,56.14035087719298,57,32,0.012743858769003052
14,10,2.0,14,3.0,0.05,0.13,25.589295257072944,-0.2422036372243832,19.763823721836953,265,27.487468671679196,2.618222286289839,1.9152401583906944,671.7309475753177,437.1015170197556,57.89473684210527,57,33,0.0
14,10,2.0,14,3.5,0.05,0.13,8.69226252711503,0.43771851417027213,16.901779562782927,290,36.52464494569758,1.671745443735975,1.5837533266780097,172.81200603246523,71.95715153838756,56.14035087719298,57,32,0.1263776980057732
14,10,2.0,14,3.5,0.05,0.13,29.347562794450283,-0.011767835119345772,20.21494877349675,236,25.864661654135336,2.3990757283326802,1.574736089521504,699.9258382771245,397.4317493898322,57.89473684210527,57,33,0.0
14,14,1.5,5,2,0.05,0.13,5.7957454387882645,-0.6901599644796235,16.000383489526964,374,37.15608465608465,1.784632792048401,1.7027141235127226,102.61595667901048,64.10648143108013,47.368421052631575,57,27,0.0
14,14,1.5,5,2,0.05,0.13,16.982168684742586,-0.33618677131808544,18.44014826579864,361,35.763018657755495,2.668294742178608,2.1131310373873253,335.1711708807395,270.4387575027135,54.385964912280706,57,31,0.0
14,14,1.5,5,2.5,0.05,0.13,6.715290126416676,0.014501819116306056,16.432034721190654,341,36.38401559454191,1.8889913939240994,1.8725864699749502,121.72136408724134,71.29479827365576,54.385964912280706,57,31,0.0032231666341420756
14,14,1.5,5,2.5,0.05,0.13,23.9300065296085,0.11484861428997173,18.9598468244287,316,31.810080757449178,2.8850751719956977,2.479035810940345,534.527519762031,372.14158639960857,59.64912280701754,57,34,0.08646449587121074
14,14,1.5,5,3.0,0.05,0.13,7.756656439865587,-0.10604038939396376,16.392701955286647,319,35.97744360902256,1.7533663886792603,1.5133649579402317,150.8844169789931,70.5066496594341,54.385964912280706,57,31,0.0
14,14,1.5,5,3.0,0.05,0.13,25.274501730882964,-0.4325365418153879,19.553523345914112,280,30.32372598162072,4.2358129891817695,5.194531772942596,613.4003247585774,418.8961967487601,57.89473684210527,57,33,0.0
14,14,1.5,5,3.5,0.05,0.13,9.032367714457008,-0.036065529320385536,16.493164693878636,295,36.846282372598154,1.7379245668756225,1.711925556029025,193.4765439981098,96.44149813520805,57.89473684210527,57,33,0.0
14,14,1.5,5,3.5,0.05,0.13,29.782691432066752,-0.08892938750454273,19.86174534336932,241,26.098579782790306,2.4473500794053296,1.5432776440826153,657.4492033411233,345.6199394692996,56.14035087719298,57,32,0.0
14,14,1.5,10,2,0.05,0.13,5.77613414247669,-0.7234748720311405,15.811975322139377,367,37.44917850181008,1.77620491218902,1.7241435293726142,102.91122847837478,64.91113930103958,45.614035087719294,57,26,0.0
14,14,1.5,10,2,0.05,0.13,18.726293600120446,-0.2392496738911642,17.954325797246764,349,36.50515176830966,2.641546625364873,2.511066458961786,393.71583931552084,311.8515336066113,52.63157894736842,57,30,0.0
14,14,1.5,10,2.5,0.05,0.13,7.0715044870687755,-0.9216021113048124,16.237797654330627,336,36.94374825953773,1.8215615076405367,1.7462199402225749,122.5960984438994,73.1729940709676,54.385964912280706,57,31,0.0
14,14,1.5,10,2.5,0.05,0.13,23.654816384260045,-0.3827867134192246,18.999605963488865,308,32.7854358117516,2.651979637054062,1.9784839793063496,542.3507804268626,384.5805774664572,57.89473684210527,57,33,0.0
14,14,1.5,10,3.0,0.05,0.13,7.951269153728486,-0.08795912042505216,16.335598310893285,311,36.22250069618491,1.7211175964559622,1.5018874057057945,165.25445085150025,86.2642409055065,56.14035087719298,57,32,0.0
14,14,1.5,10,3.0,0.05,0.13,25.887741144538396,0.03256169345689828,19.461621002740067,270,29.935950988582565,4.187495796015317,5.029986690022979,620.2574068616631,416.140897179081,59.64912280701754,57,34,0.02583605446259568
14,14,1.5,10,3.5,0.05,0.13,9.023969537144682,0.4137539804028954,16.61393208710161,289,37.08020050125313,1.670546193474573,1.594069212973255,180.48196194858093,82.77226788472876,57.89473684210527,57,33,0.13010873629239547
14,14,1.5,10,3.5,0.05,0.13,29.667577555780237,-0.07658557504845734,19.994143827498682,236,26.244778613199667,2.368412616207316,1.550859571373461,697.4388780360852,400.4968797391686,56.14035087719298,57,32,0.0
14,14,1.5,14,2,0.05,0.13,6.392911494883181,-0.7509686420193593,15.616316684832162,366,37.96853244221665,1.8015011206506564,1.7773018297821934,107.73645107375994,70.26244597833721,45.614035087719294,57,26,0.0
14,14,1.5,14,2,0.05,0.13,20.62339571405595,0.2128408699827222,17.56555719537536,345,35.81940963519911,2.6649331741188407,2.453292385508773,382.36621445276546,298.93859479547524,52.63157894736842,57,30,0.131522382933073
14,14,1.5,14,2.5,0.05,0.13,7.076741783525658,-4.718631549252451,16.135670222403952,335,37.76246170983013,1.7353110820807116,1.7066487420531844,118.46291138440859,69.14483370435282,50.877192982456144,57,29,0.0
14,14,1.5,14,2.5,0.05,0.13,25.40329148052473,1.4344938163257863,18.570919301521688,316,34.251601225285434,2.5722866831814897,1.9605438377444535,533.0950507102217,365.0991137971798,56.14035087719298,57,32,1.1016163973919084
14,14,1.5,14,3.0,0.05,0.13,7.809616850103385,0.06138875022008917,16.658143872397392,307,35.76232247284879,1.726500504070025,1.4964291764273163,164.50617994372635,84.47386166591922,56.14035087719298,57,32,0.016157234687252074
14,14,1.5,14,3.0,0.05,0.13,25.70303698672757,-0.23243950442131509,19.6474785554175,264,27.633667502088553,2.6118859755499484,1.9214337194291828,675.1515037079436,436.45238913891643,57.89473684210527,57,33,0.0
14,14,1.5,14,3.5,0.05,0.13,8.758446468790526,0.4457488481802857,16.824761020508642,289,36.81704260651629,1.6605196026933675,1.5923749235355145,176.59801671157732,75.7431622174996,56.14035087719298,57,32,0.13026973449315166
14,14,1.5,14,3.5,0.05,0.13,29.401055974119082,-0.006268486761831849,20.137930231222466,235,26.010860484544693,2.38905707978555,1.578583317916354,701.7415145383004,395.10594231929207,57.89473684210527,57,33,0.0
14,14,2.0,5,2,0.05,0.13,5.7957454387882645,-0.6901599644796235,16.000383489526964,374,37.15608465608465,1.784632792048401,1.7027141235127226,102.61595667901048,64.10648143108013,47.368421052631575,57,27,0.0
14,14,2.0,5,2,0.05,0.13,16.982168684742586,-0.33618677131808544,18.44014826579864,361,35.763018657755495,2.668294742178608,2.1131310373873253,335.1711708807395,270.4387575027135,54.385964912280706,57,31,0.0
14,14,2.0,5,2.5,0.05,0.13,6.715290126416676,0.014501819116306056,16.432034721190654,341,36.38401559454191,1.8889913939240994,1.8725864699749502,121.72136408724134,71.29479827365576,54.385964912280706,57,31,0.0032231666341420756
14,14,2.0,5,2.5,0.05,0.13,23.9300065296085,0.11484861428997173,18.9598468244287,316,31.810080757449178,2.8850751719956977,2.479035810940345,534.527519762031,372.14158639960857,59.64912280701754,57,34,0.08646449587121074
14,14,2.0,5,3.0,0.05,0.13,7.756656439865587,-0.10604038939396376,16.392701955286647,319,35.97744360902256,1.7533663886792603,1.5133649579402317,150.8844169789931,70.5066496594341,54.385964912280706,57,31,0.0
14,14,2.0,5,3.0,0.05,0.13,25.274501730882964,-0.4325365418153879,19.553523345914112,280,30.32372598162072,4.2358129891817695,5.194531772942596,613.4003247585774,418.8961967487601,57.89473684210527,57,33,0.0
14,14,2.0,5,3.5,0.05,0.13,9.032367714457008,-0.036065529320385536,16.493164693878636,295,36.846282372598154,1.7379245668756225,1.711925556029025,193.4765439981098,96.44149813520805,57.89473684210527,57,33,0.0
14,14,2.0,5,3.5,0.05,0.13,29.782691432066752,-0.08892938750454273,19.86174534336932,241,26.098579782790306,2.4473500794053296,1.5432776440826153,657.4492033411233,345.6199394692996,56.14035087719298,57,32,0.0
14,14,2.0,10,2,0.05,0.13,5.77613414247669,-0.7234748720311405,15.811975322139377,367,37.44917850181008,1.77620491218902,1.7241435293726142,102.91122847837478,64.91113930103958,45.614035087719294,57,26,0.0
14,14,2.0,10,2,0.05,0.13,18.726293600120446,-0.2392496738911642,17.954325797246764,349,36.50515176830966,2.641546625364873,2.511066458961786,393.71583931552084,311.8515336066113,52.63157894736842,57,30,0.0
14,14,2.0,10,2.5,0.05,0.13,7.0715044870687755,-0.9216021113048124,16.237797654330627,336,36.94374825953773,1.8215615076405367,1.7462199402225749,122.5960984438994,73.1729940709676,54.385964912280706,57,31,0.0
14,14,2.0,10,2.5,0.05,0.13,23.654816384260045,-0.3827867134192246,18.999605963488865,308,32.7854358117516,2.651979637054062,1.9784839793063496,542.3507804268626,384.5805774664572,57.89473684210527,57,33,0.0
14,14,2.0,10,3.0,0.05,0.13,7.951269153728486,-0.08795912042505216,16.335598310893285,311,36.22250069618491,1.7211175964559622,1.5018874057057945,165.25445085150025,86.2642409055065,56.14035087719298,57,32,0.0
14,14,2.0,10,3.0,0.05,0.13,25.887741144538396,0.03256169345689828,19.461621002740067,270,29.935950988582565,4.187495796015317,5.029986690022979,620.2574068616631,416.140897179081,59.64912280701754,57,34,0.02583605446259568
14,14,2.0,10,3.5,0.05,0.13,9.023969537144682,0.4137539804028954,16.61393208710161,289,37.08020050125313,1.670546193474573,1.594069212973255,180.48196194858093,82.77226788472876,57.89473684210527,57,33,0.13010873629239547
14,14,2.0,10,3.5,0.05,0.13,29.667577555780237,-0.07658557504845734,19.994143827498682,236,26.244778613199667,2.368412616207316,1.550859571373461,697.4388780360852,400.4968797391686,56.14035087719298,57,32,0.0
14,14,2.0,14,2,0.05,0.13,6.392911494883181,-0.7509686420193593,15.616316684832162,366,37.96853244221665,1.8015011206506564,1.7773018297821934,107.73645107375994,70.26244597833721,45.614035087719294,57,26,0.0
14,14,2.0,14,2,0.05,0.13,20.62339571405595,0.2128408699827222,17.56555719537536,345,35.81940963519911,2.6649331741188407,2.453292385508773,382.36621445276546,298.93859479547524,52.63157894736842,57,30,0.131522382933073
14,14,2.0,14,2.5,0.05,0.13,7.076741783525658,-4.718631549252451,16.135670222403952,335,37.76246170983013,1.7353110820807116,1.7066487420531844,118.46291138440859,69.14483370435282,50.877192982456144,57,29,0.0
14,14,2.0,14,2.5,0.05,0.13,25.40329148052473,1.4344938163257863,18.570919301521688,316,34.251601225285434,2.5722866831814897,1.9605438377444535,533.0950507102217,365.0991137971798,56.14035087719298,57,32,1.1016163973919084
14,14,2.0,14,3.0,0.05,0.13,7.809616850103385,0.06138875022008917,16.658143872397392,307,35.76232247284879,1.726500504070025,1.4964291764273163,164.50617994372635,84.47386166591922,56.14035087719298,57,32,0.016157234687252074
14,14,2.0,14,3.0,0.05,0.13,25.70303698672757,-0.23243950442131509,19.6474785554175,264,27.633667502088553,2.6118859755499484,1.9214337194291828,675.1515037079436,436.45238913891643,57.89473684210527,57,33,0.0
14,14,2.0,14,3.5,0.05,0.13,8.758446468790526,0.4457488481802857,16.824761020508642,289,36.81704260651629,1.6605196026933675,1.5923749235355145,176.59801671157732,75.7431622174996,56.14035087719298,57,32,0.13026973449315166
14,14,2.0,14,3.5,0.05,0.13,29.401055974119082,-0.006268486761831849,20.137930231222466,235,26.010860484544693,2.38905707978555,1.578583317916354,701.7415145383004,395.10594231929207,57.89473684210527,57,33,0.0
20,10,1.5,5,2,0.05,0.13,4.137876574653904,0.0687045370528503,13.992299585788189,277,36.647869674185465,1.766767538616556,1.5757628975620737,114.43638208841784,61.895077391598406,49.122807017543856,57,28,0.009980608733373475
20,10,1.5,5,2,0.05,0.13,11.625837444791092,-0.36026672696162515,16.322737806024662,275,34.987468671679196,2.183152304278081,1.7049426245804535,308.78180739698485,222.72210291267004,47.368421052631575,57,27,0.0
20,10,1.5,5,2.5,0.05,0.13,6.121570825163385,-0.6082216996496368,14.403176446721192,268,36.35547201336675,2.114463579804456,2.0253532533743583,161.5954127299779,94.40932548473695,59.64912280701754,57,34,0.0
20,10,1.5,5,2.5,0.05,0.13,15.637731807567372,-1.4793930767255965,17.29289694740331,257,33.04093567251462,2.7551873833734994,2.5249307683339413,454.3740465103797,349.2283595785691,57.89473684210527,57,33,0.0
20,10,1.5,5,3.0,0.05,0.13,6.591406182537198,-2.674595240917555,14.37488831257611,251,36.17167919799498,1.992526639508855,1.7003994954897679,194.02389191881343,109.18101807720271,59.64912280701754,57,34,0.0
20,10,1.5,5,3.0,0.05,0.13,17.29060111776121,-0.21435206927307443,17.798879392086835,235,30.72263993316625,2.7301264724160688,2.1127537754777954,540.6505481432241,375.7221609457223,61.40350877192983,57,35,0.0
20,10,1.5,5,3.5,0.05,0.13,7.408199228355035,-0.0021838380133614257,14.933368075337983,246,37.57518796992481,1.801397309432027,1.6888419906136802,223.3613854522558,123.42667857142969,61.40350877192983,57,35,0.0
20,10,1.5,5,3.5,0.05,0.13,18.476634156444174,0.6515790567675602,18.713777603456663,218,29.02673350041771,2.1770710840536656,1.8993205950149215,452.51136845282014,284.33069478606353,61.40350877192983,57,35,0.3950223798096599
20,10,1.5,10,2,0.05,0.13,4.659895942825726,0.7082052064462839,13.92315341267875,277,36.98412698412698,1.7842915139882445,1.652738671322378,120.87206962305473,66.19418023280768,56.14035087719298,57,32,0.1330677606139219
20,10,1.5,10,2,0.05,0.13,12.53569868145052,0.23352461035440372,16.194511438496068,272,35.33208020050125,2.266608386192426,1.7982673315876607,332.1501613762364,241.84065450311772,50.877192982456144,57,29,0.09196794708892107
20,10,1.5,10,2.5,0.05,0.13,5.821276329860255,-0.3781764849754944,14.39644153805331,263,36.38471177944862,4.053054795775407,5.781622534946021,156.90744642456903,93.69327136084537,59.64912280701754,57,34,0.0
20,10,1.5,10,2.5,0.05,0.13,15.37085788709589,-1.2880959558416414,17.072419481850858,255,32.485380116959064,5.144210194568768,6.883235128382143,426.0163473193257,323.53537674280244,59.64912280701754,57,34,0.0
20,10,1.5,10,3.0,0.05,0.13,6.639109474808166,-0.43592242511393997,14.591487276217238,251,37.31203007518797,1.9330963163283639,1.8684520408229555,194.59449413941124,108.80702596589863,61.40350877192983,57,35,0.0
20,10,1.5,10,3.0,0.05,0.13,17.70520151855355,-0.3739448768673279,17.926070540288602,232,32.21386800334169,2.7630924096922196,2.36726121264309,504.54891123792896,357.11521828391693,61.40350877192983,57,35,0.0
20,10,1.5,10,3.5,0.05,0.13,7.425865991681424,-0.25822336101750676,14.979019363292908,242,37.7046783625731,1.693545372719464,1.558566370436207,224.35554387293317,122.96795650258235,61.40350877192983,57,35,0.0
20,10,1.5,10,3.5,0.05,0.13,20.21513271758101,-0.17733898731786926,18.498091254979023,213,28.57142857142857,2.13755120418562,1.7456681822543947,544.983908897733,356.75074547844065,61.40350877192983,57,35,0.0
20,10,1.5,14,2,0.05,0.13,4.850638323233203,0.3331954329983924,13.848609313480422,275,37.10108604845447,1.7315246952733336,1.4518314552546245,125.63644621066699,73.15295913605371,57.89473684210527,57,33,0.06756641159402978
20,10,1.5,14,2,0.05,0.13,13.343255059208378,-0.04717655519240144,15.810581193409492,271,34.826649958228906,2.2955692924646685,1.8270490396804404,331.88265771505337,246.7971725182475,56.14035087719298,57,32,0.0
20,10,1.5,14,2.5,0.05,0.13,5.647053600590285,-0.39294735924373486,14.299158794201501,262,37.817460317460316,1.8858629690708317,1.7150465504114607,153.09372602138993,82.31865527243134,63.1578947368421,57,36,0.0
20,10,1.5,14,2.5,0.05,0.13,16.213825546132103,-1.1709706765430774,16.769408711848754,261,34.90810359231411,2.828527574105,2.4241741623231747,483.3139428604253,361.4411686290513,61.40350877192983,57,35,0.0
20,10,1.5,14,3.0,0.05,0.13,6.827646608482225,-0.4594070982330216,14.641814825226954,249,37.93859649122807,1.8344286912157366,1.7586702216423167,201.77896983906749,113.37516667507391,59.64912280701754,57,34,0.0
20,10,1.5,14,3.0,0.05,0.13,17.891795731449267,-0.1567711530406583,17.71499305380775,230,30.559732664995824,2.592412282445716,2.1270355861288985,521.5048543420036,350.795939065043,57.89473684210527,57,33,0.0
20,10,1.5,14,3.5,0.05,0.13,7.261417780629538,-0.2492255583962582,15.090178452601588,241,36.71052631578947,1.678132477878504,1.5517512917670935,232.31711263165317,131.44200522989814,59.64912280701754,57,34,0.0
20,10,1.5,14,3.5,0.05,0.13,20.24484257232434,-0.15717157069212925,18.57206475676917,212,27.431077694235587,2.13233275274568,1.7312007524265836,582.1470847734255,388.2263903825929,59.64912280701754,57,34,0.0
20,10,2.0,5,2,0.05,0.13,4.209756352420851,0.025661321537989345,13.992012605056287,278,36.88178780284043,1.7611335665640795,1.5459321359883111,116.60502592200801,66.01425592892559,49.122807017543856,57,28,0.0037926168249267033
20,10,2.0,5,2,0.05,0.13,11.639321422417133,-0.3628837272439153,16.420134109121438,276,35.221386800334166,2.177035946931113,1.6637115243906846,306.1182656682386,223.4031909589183,47.368421052631575,57,27,0.0
20,10,2.0,5,2.5,0.05,0.13,6.186858153417951,-0.6095993009589413,14.403430507269867,269,36.58939014202172,2.2436343857150858,2.4249294977623883,163.59924532575855,97.573672967712,61.40350877192983,57,35,0.0
20,10,2.0,5,2.5,0.05,0.13,15.828393052771041,-1.4445924505223688,17.302051624765582,257,33.39181286549707,2.8815883938530074,2.93045531590801,459.0831216071997,353.7905337766781,59.64912280701754,57,34,0.0
20,10,2.0,5,3.0,0.05,0.13,6.668558422372522,-2.618892827960455,14.375022155459908,252,36.49331662489558,2.025249870858165,1.7638135118519014,197.48705645631193,112.97591732476769,59.64912280701754,57,34,0.0
20,10,2.0,5,3.0,0.05,0.13,17.488295124144408,-0.12228379550786149,17.809175743743893,235,31.161236424394318,2.759955448320809,2.1819916350125195,546.7811339367652,380.8846299124238,61.40350877192983,57,35,0.0
20,10,2.0,5,3.5,0.05,0.13,7.691487590450441,-0.038204597463548894,14.92288228513001,246,37.75062656641604,1.7783119660451092,1.6318478318230978,243.8936118683976,139.10851266032796,61.40350877192983,57,35,0.0
20,10,2.0,5,3.5,0.05,0.13,18.742265039431647,0.6417217875949113,18.724491974309156,217,29.319131161236424,2.1761281683407505,1.8983776793020066,472.702637211424,297.7183272932756,61.40350877192983,57,35,0.3944137119292366
20,10,2.0,10,2,0.05,0.13,4.7339904970224485,0.6707226257578636,13.922877382268553,278,37.21804511278196,1.777206379946552,1.6185544237809673,123.09608286738928,70.35765429873038,56.14035087719298,57,32,0.1280313907009685
20,10,2.0,10,2,0.05,0.13,12.551397435506338,0.23646824489855425,16.291918691914546,273,35.56599832915622,2.259040866856242,1.7526827454302436,329.54198905823455,242.5660380779615,50.877192982456144,57,29,0.09268635808331503
20,10,2.0,10,2.5,0.05,0.13,5.887380245367186,-0.380034562013326,14.396034854556516,264,36.61862990810359,4.05031571779385,5.760476455585016,158.93169370165882,97.82360661789396,59.64912280701754,57,34,0.0
20,10,2.0,10,2.5,0.05,0.13,15.387927271995997,-1.246524203446681,17.169680295321132,256,32.719298245614034,5.141266131962876,6.8525937715100715,424.0773725529199,324.841455697872,59.64912280701754,57,34,0.0
20,10,2.0,10,3.0,0.05,0.13,6.661998232100205,-0.28297098968145523,14.60639333211535,252,37.19507101086049,2.047895277455238,1.918186109469025,196.44957173633776,111.53317945708065,61.40350877192983,57,35,0.0
20,10,2.0,10,3.0,0.05,0.13,17.848579981572364,-0.18472927335356037,17.95117823688308,232,32.21386800334169,2.874865585841193,2.4226875949284197,509.07010857037056,361.1922511716037,61.40350877192983,57,35,0.0
20,10,2.0,10,3.5,0.05,0.13,7.665379279933349,-0.2634886245980738,14.978356522575629,242,37.73391812865497,1.8318869790387757,1.6911202200317779,236.9869809392067,132.22517825448182,61.40350877192983,57,35,0.0
20,10,2.0,10,3.5,0.05,0.13,20.488334916573148,-0.12733922209273277,18.49713275583806,212,28.71762740183793,2.22863724258227,1.839684562544464,555.7778183250282,364.4832273731352,61.40350877192983,57,35,0.0
20,10,2.0,14,2,0.05,0.13,4.924732877429927,0.2957128523099721,13.848333283070223,276,37.33500417710944,1.7244395612316412,1.417647207713214,127.86045945500155,77.31643320197642,57.89473684210527,57,33,0.06088277742468532
20,10,2.0,14,2,0.05,0.13,13.358953813264197,-0.04423292064825094,15.907988446827972,272,35.060568086883876,2.2880017731284843,1.7814644535230233,329.2744853970516,247.5225560930913,56.14035087719298,57,32,0.0
20,10,2.0,14,2.5,0.05,0.13,5.713157516097216,-0.39480543628156645,14.298752110704708,263,38.051378446115294,1.8831238910892742,1.6939004710504553,155.11797329847968,86.44899052947991,63.1578947368421,57,36,0.0
20,10,2.0,14,2.5,0.05,0.13,16.230894931032214,-1.129398924148117,16.86666952531903,262,35.14202172096909,2.8255835114991075,2.393532805451104,481.37496809401955,362.7472475841207,61.40350877192983,57,35,0.0
20,10,2.0,14,3.0,0.05,0.13,7.073757479049152,-0.47068227288658215,14.641708678342797,249,37.96783625730994,2.433111617528232,2.35230668965933,215.01846326950783,123.60084905996763,59.64912280701754,57,34,0.0
20,10,2.0,14,3.0,0.05,0.13,18.146851256462075,-0.11800585608211538,17.724921519897507,229,30.705931495405178,2.9926968017286346,2.530991745733495,532.3349544710915,359.0007311747796,57.89473684210527,57,33,0.0
20,10,2.0,14,3.5,0.05,0.13,7.500931068881463,-0.2544908219768253,15.089515611884313,241,36.739766081871345,1.8164740841978155,1.6843051413626644,244.94854969792667,140.69922698179764,59.64912280701754,57,34,0.0
20,10,2.0,14,3.5,0.05,0.13,20.518044771316475,-0.10717180546699277,18.571106257628205,211,27.577276524644947,2.223418791142329,1.8252171327166526,592.9409942007206,395.95887227728747,59.64912280701754,57,34,0.0
20,14,1.5,5,2,0.05,0.13,4.432436074118279,0.013377281801575557,13.786879991434548,275,37.2953216374269,1.7775947065826707,1.5956997586426593,122.57479396649761,71.56214158966222,49.122807017543856,57,28,0.0021126499176359653
20,14,1.5,5,2,0.05,0.13,11.863684105305566,-0.4066244012515789,16.214745255784376,273,35.54720133667502,2.1939599665085447,1.6862886388416622,310.6891694414723,226.95545837801873,47.368421052631575,57,27,0.0
20,14,1.5,5,2.5,0.05,0.13,6.418519041850868,-0.790547988181531,14.198412333541793,266,37.00292397660819,2.2614948959741,2.473815165944889,169.31053624439784,102.864770986768,61.40350877192983,57,35,0.0
20,14,1.5,5,2.5,0.05,0.13,16.06136023578902,-1.6610568140266102,17.096836515360113,254,33.73851294903926,2.898533767967437,2.9524628976304674,463.58653956069435,357.1645415958022,59.64912280701754,57,34,0.0
20,14,1.5,5,3.0,0.05,0.13,6.9464233934615445,0.029009484107286314,14.16647816630803,249,37.02380952380952,2.466179340105689,2.7329423675954128,206.59572419954165,121.6706963342405,59.64912280701754,57,34,0.008484835384124815
20,14,1.5,5,3.0,0.05,0.13,17.76484112512612,-0.20732195085481836,17.611307523845046,232,31.56641604010025,3.133405256614504,2.5935066601135004,555.3839517546194,387.65074337686855,61.40350877192983,57,35,0.0
20,14,1.5,5,3.5,0.05,0.13,8.008006456260208,-0.12649637510184436,14.751389790698047,243,38.28111946532999,1.7734836855691711,1.653141523238142,251.36289730788684,146.1626374877363,63.1578947368421,57,36,0.0
20,14,1.5,5,3.5,0.05,0.13,19.048753434727,0.5132250939990789,18.55619955276469,214,29.724310776942353,2.1710827492846128,1.9095660457064392,477.88626104290864,299.2231718677546,61.40350877192983,57,35,0.32350321249840347
20,14,1.5,10,2,0.05,0.13,4.921245886365681,0.6528823479705327,13.716969262966645,275,37.41228070175438,1.8116700993526242,1.659718539382534,127.9869822693913,75.06156226366586,56.14035087719298,57,32,0.13150036208808882
20,14,1.5,10,2,0.05,0.13,12.739163839300547,0.14215811122140448,16.086092507619632,270,35.760233918128655,2.283998638172803,1.791837633978349,333.76865828450343,246.75514618491695,50.877192982456144,57,29,0.05727764429225605
20,14,1.5,10,2.5,0.05,0.13,6.109565401802964,0.056058124987783974,14.187556271616923,261,37.14912280701754,4.484620438695545,6.726955411990196,167.24704077525035,105.71707130773252,59.64912280701754,57,34,0.014399431628658102
20,14,1.5,10,2.5,0.05,0.13,15.611676148459027,-1.3328453139051082,16.975440496807572,253,33.12447786131997,5.503794364136308,7.254648622956606,431.7366172598919,330.6557794420852,59.64912280701754,57,34,0.0
20,14,1.5,10,3.0,0.05,0.13,6.890806893360865,-0.38541160068418395,14.441890305478893,249,37.72556390977443,2.0362552513544716,1.9394993909901048,203.03855269285387,117.69022751434608,61.40350877192983,57,35,0.0
20,14,1.5,10,3.0,0.05,0.13,18.07910629104668,-0.3084237163548635,17.78651220037431,229,32.61904761904762,2.8672673479616155,2.433214519496147,513.7685333568488,362.1517281496274,61.40350877192983,57,35,0.0
20,14,1.5,10,3.5,0.05,0.13,7.898936237016193,-0.27354311091236944,14.846909090374638,239,38.26441102756892,1.8199429611478504,1.7090292280592423,243.15239887573713,137.96451448295483,63.1578947368421,57,36,0.0
20,14,1.5,10,3.5,0.05,0.13,20.719554783501497,-0.18495078883016092,18.36503280499884,209,29.12280701754386,2.2201028907884504,1.8483169550533383,559.5324793784076,364.50023277589986,61.40350877192983,57,35,0.0
20,14,1.5,14,2,0.05,0.13,5.111988266773159,0.27787257452264125,13.642425163768314,273,37.52923976608187,1.7589032806377132,1.4588113233147808,132.75135885700357,82.02034116691189,57.89473684210527,57,33,0.06028135937486944
20,14,1.5,14,2,0.05,0.13,13.546720217058406,-0.13854305432540068,15.70216226253306,269,35.25480367585631,2.3129595444450453,1.8206193420711285,333.50115462332053,251.71166420004676,56.14035087719298,57,32,0.0
20,14,1.5,14,2.5,0.05,0.13,5.935342672532993,0.0412872507195435,14.090273527765117,260,38.581871345029235,2.317428611990971,2.6603794274556365,163.43332037207125,94.3424552193185,63.1578947368421,57,36,0.010984239239974207
20,14,1.5,14,2.5,0.05,0.13,16.454635593390492,-1.2148123411271465,16.67242972680547,259,35.526315789473685,3.1891582878624627,2.7951517097571927,488.8465735030527,368.49973314348927,61.40350877192983,57,35,0.0
20,14,1.5,14,3.0,0.05,0.13,7.288745164959347,-0.5816553362367701,14.477309416279018,246,38.498329156223896,2.419835559129912,2.3729655582613876,221.41052803451228,129.55905321201723,59.64912280701754,57,34,0.0
20,14,1.5,14,3.0,0.05,0.13,18.364628051008758,-0.24132921491443876,17.560322010724484,226,31.11111111111111,2.984111661093067,2.5410252189232274,536.8215013745199,359.73777378862536,57.89473684210527,57,33,0.0
20,14,1.5,14,3.5,0.05,0.13,7.730059545954722,-0.21450439677370403,14.962238737261051,238,37.182539682539684,1.8048150640678948,1.7015986242874375,250.6858049985422,146.0104005743557,61.40350877192983,57,35,0.0
20,14,1.5,14,3.5,0.05,0.13,20.744836158235238,-0.11474246068700406,18.443176864366716,208,27.894736842105264,2.2151694371095147,1.8332340001228355,596.2674926181852,395.5477150441372,59.64912280701754,57,34,0.0
20,14,2.0,5,2,0.05,0.13,4.432436074118279,0.013377281801575557,13.786879991434548,275,37.2953216374269,1.7775947065826707,1.5956997586426593,122.57479396649761,71.56214158966222,49.122807017543856,57,28,0.0021126499176359653
20,14,2.0,5,2,0.05,0.13,11.863684105305566,-0.4066244012515789,16.214745255784376,273,35.54720133667502,2.1939599665085447,1.6862886388416622,310.6891694414723,226.95545837801873,47.368421052631575,57,27,0.0
20,14,2.0,5,2.5,0.05,0.13,6.418519041850868,-0.790547988181531,14.198412333541793,266,37.00292397660819,2.2614948959741,2.473815165944889,169.31053624439784,102.864770986768,61.40350877192983,57,35,0.0
20,14,2.0,5,2.5,0.05,0.13,16.06136023578902,-1.6610568140266102,17.096836515360113,254,33.73851294903926,2.898533767967437,2.9524628976304674,463.58653956069435,357.1645415958022,59.64912280701754,57,34,0.0
20,14,2.0,5,3.0,0.05,0.13,6.9464233934615445,0.029009484107286314,14.16647816630803,249,37.02380952380952,2.466179340105689,2.7329423675954128,206.59572419954165,121.6706963342405,59.64912280701754,57,34,0.008484835384124815
20,14,2.0,5,3.0,0.05,0.13,17.76484112512612,-0.20732195085481836,17.611307523845046,232,31.56641604010025,3.133405256614504,2.5935066601135004,555.3839517546194,387.65074337686855,61.40350877192983,57,35,0.0
20,14,2.0,5,3.5,0.05,0.13,8.008006456260208,-0.12649637510184436,14.751389790698047,243,38.28111946532999,1.7734836855691711,1.653141523238142,251.36289730788684,146.1626374877363,63.1578947368421,57,36,0.0
20,14,2.0,5,3.5,0.05,0.13,19.048753434727,0.5132250939990789,18.55619955276469,214,29.724310776942353,2.1710827492846128,1.9095660457064392,477.88626104290864,299.2231718677546,61.40350877192983,57,35,0.32350321249840347
20,14,2.0,10,2,0.05,0.13,4.921245886365681,0.6528823479705327,13.716969262966645,275,37.41228070175438,1.8116700993526242,1.659718539382534,127.9869822693913,75.06156226366586,56.14035087719298,57,32,0.13150036208808882
20,14,2.0,10,2,0.05,0.13,12.739163839300547,0.14215811122140448,16.086092507619632,270,35.760233918128655,2.283998638172803,1.791837633978349,333.76865828450343,246.75514618491695,50.877192982456144,57,29,0.05727764429225605
20,14,2.0,10,2.5,0.05,0.13,6.109565401802964,0.056058124987783974,14.187556271616923,261,37.14912280701754,4.484620438695545,6.726955411990196,167.24704077525035,105.71707130773252,59.64912280701754,57,34,0.014399431628658102
20,14,2.0,10,2.5,0.05,0.13,15.611676148459027,-1.3328453139051082,16.975440496807572,253,33.12447786131997,5.503794364136308,7.254648622956606,431.7366172598919,330.6557794420852,59.64912280701754,57,34,0.0
20,14,2.0,10,3.0,0.05,0.13,6.890806893360865,-0.38541160068418395,14.441890305478893,249,37.72556390977443,2.0362552513544716,1.9394993909901048,203.03855269285387,117.69022751434608,61.40350877192983,57,35,0.0
20,14,2.0,10,3.0,0.05,0.13,18.07910629104668,-0.3084237163548635,17.78651220037431,229,32.61904761904762,2.8672673479616155,2.433214519496147,513.7685333568488,362.1517281496274,61.40350877192983,57,35,0.0
20,14,2.0,10,3.5,0.05,0.13,7.898936237016193,-0.27354311091236944,14.846909090374638,239,38.26441102756892,1.8199429611478504,1.7090292280592423,243.15239887573713,137.96451448295483,63.1578947368421,57,36,0.0
20,14,2.0,10,3.5,0.05,0.13,20.719554783501497,-0.18495078883016092,18.36503280499884,209,29.12280701754386,2.2201028907884504,1.8483169550533383,559.5324793784076,364.50023277589986,61.40350877192983,57,35,0.0
20,14,2.0,14,2,0.05,0.13,5.111988266773159,0.27787257452264125,13.642425163768314,273,37.52923976608187,1.7589032806377132,1.4588113233147808,132.75135885700357,82.02034116691189,57.89473684210527,57,33,0.06028135937486944
20,14,2.0,14,2,0.05,0.13,13.546720217058406,-0.13854305432540068,15.70216226253306,269,35.25480367585631,2.3129595444450453,1.8206193420711285,333.50115462332053,251.71166420004676,56.14035087719298,57,32,0.0
20,14,2.0,14,2.5,0.05,0.13,5.935342672532993,0.0412872507195435,14.090273527765117,260,38.581871345029235,2.317428611990971,2.6603794274556365,163.43332037207125,94.3424552193185,63.1578947368421,57,36,0.010984239239974207
20,14,2.0,14,2.5,0.05,0.13,16.454635593390492,-1.2148123411271465,16.67242972680547,259,35.526315789473685,3.1891582878624627,2.7951517097571927,488.8465735030527,368.49973314348927,61.40350877192983,57,35,0.0
20,14,2.0,14,3.0,0.05,0.13,7.288745164959347,-0.5816553362367701,14.477309416279018,246,38.498329156223896,2.419835559129912,2.3729655582613876,221.41052803451228,129.55905321201723,59.64912280701754,57,34,0.0
20,14,2.0,14,3.0,0.05,0.13,18.364628051008758,-0.24132921491443876,17.560322010724484,226,31.11111111111111,2.984111661093067,2.5410252189232274,536.8215013745199,359.73777378862536,57.89473684210527,57,33,0.0
20,14,2.0,14,3.5,0.05,0.13,7.730059545954722,-0.21450439677370403,14.962238737261051,238,37.182539682539684,1.8048150640678948,1.7015986242874375,250.6858049985422,146.0104005743557,61.40350877192983,57,35,0.0
20,14,2.0,14,3.5,0.05,0.13,20.744836158235238,-0.11474246068700406,18.443176864366716,208,27.894736842105264,2.2151694371095147,1.8332340001228355,596.2674926181852,395.5477150441372,59.64912280701754,57,34,0.0
25,10,1.5,5,2,0.05,0.13,4.6372798097333625,-1.0679509181560631,12.036877855768921,215,42.79866332497911,1.662506469696573,2.310531297027328,203.4092098822507,170.8730367885895,56.14035087719298,57,32,0.0
25,10,1.5,5,2,0.05,0.13,12.019814089278396,-1.146717752717182,14.24156295944099,215,39.81620718462823,2.5118181258071077,2.6152623241200237,437.77178856147816,310.22935526138576,54.385964912280706,57,31,0.0
25,10,1.5,5,2.5,0.05,0.13,6.239044292152825,-0.28832066370233983,12.80884778635234,210,42.180451127819545,1.4743635712782164,1.469532837604457,260.9965961331816,203.05871018731193,56.14035087719298,57,32,0.0
25,10,1.5,5,2.5,0.05,0.13,17.40624582067078,0.4035132359115419,16.008491507091254,203,38.5547201336675,2.1801342132348163,1.9042615337543891,639.378878128408,464.4763818640916,57.89473684210527,57,33,0.2540104428941189
25,10,1.5,5,3.0,0.05,0.13,5.973426207975051,-0.5100458834997739,13.469332231775047,203,40.6015037593985,1.558470006179267,1.7623398587824686,252.90102842536905,191.16238270050852,57.89473684210527,57,33,0.0
25,10,1.5,5,3.0,0.05,0.13,16.666872547833037,-0.06255793004754653,17.070696395534043,191,35.659983291562234,1.7216267399505316,1.3714633468696673,645.9440063685402,423.40494585782403,57.89473684210527,57,33,0.0
25,10,1.5,5,3.5,0.05,0.13,6.815624904954659,-1.0267269097076248,13.966671352396236,198,41.478696741854634,1.2830609788130793,1.2423662566200095,302.17334956503805,230.06097867375763,57.89473684210527,57,33,0.0
25,10,1.5,5,3.5,0.05,0.13,19.904775856035986,-0.5382890834649767,17.783261407419833,180,31.946532999164578,1.316422403940755,0.9760183966342216,717.0662484390148,416.7850737884981,59.64912280701754,57,34,0.0
25,10,1.5,10,2,0.05,0.13,5.147687177649151,-0.4260209798349485,12.153879738341951,213,43.700918964076855,1.654943374559546,2.203792584642273,211.19639586808321,178.35612294084655,56.14035087719298,57,32,0.0
25,10,1.5,10,2,0.05,0.13,13.159830587118947,-0.4241548008867086,14.197478690871696,212,40.455304928989136,2.627563161367858,2.4699702804121926,445.1271929334398,335.02421368004434,56.14035087719298,57,32,0.0
25,10,1.5,10,2.5,0.05,0.13,6.313684640044625,-0.33387331033764905,12.818853833157657,208,42.180451127819545,1.5420905295202183,1.5290172394507295,267.21475700183674,209.3266951150197,56.14035087719298,57,32,0.0
25,10,1.5,10,2.5,0.05,0.13,16.764152189385047,0.14490574697717207,15.78304486304827,202,37.88220551378446,2.207525865457488,1.8775953804100545,577.9826910397405,420.0845797356366,59.64912280701754,57,34,0.09180798913577481
25,10,1.5,10,3.0,0.05,0.13,6.501926692711179,-0.8365742445668478,13.415923673215534,203,41.478696741854634,1.639192899305623,1.9684852365686047,264.89193064253976,203.94973245113377,57.89473684210527,57,33,0.0
25,10,1.5,10,3.0,0.05,0.13,17.883032905471808,-0.5161174386822157,16.871223472276167,189,35.659983291562234,1.9487967776093535,1.5161276229367093,630.8339101505697,424.6221652738047,57.89473684210527,57,33,0.0
25,10,1.5,10,3.5,0.05,0.13,6.649572058741677,-0.6274529681126706,13.99093948482912,197,39.327485380116954,1.2824522464479442,1.2540640503675273,293.1350022422286,218.89713805854683,56.14035087719298,57,32,0.0
25,10,1.5,10,3.5,0.05,0.13,21.94415023795104,0.28583853666561776,17.73669691823405,177,29.29824561403509,1.300999165986248,0.9391659829882797,952.4772678859207,540.1570115302198,57.89473684210527,57,33,0.2047415029870945
25,10,1.5,14,2,0.05,0.13,5.6959516927752345,-0.4029900658580681,12.03739159953975,214,45.01670843776107,1.7935140805027627,2.299547559417617,226.1810160053959,192.49644772520006,59.64912280701754,57,34,0.0
25,10,1.5,14,2,0.05,0.13,15.0622364336845,-0.3531331180717936,14.014743826087095,213,41.21553884711779,2.7952798509093055,2.589853189174944,500.2564501142413,374.85612236253417,59.64912280701754,57,34,0.0
25,10,1.5,14,2.5,0.05,0.13,5.925930031889078,-0.9351800423808182,12.77065224171742,208,41.741854636591476,1.7981641105326762,2.097811020861074,256.6035907680499,196.70521091096947,56.14035087719298,57,32,0.0
25,10,1.5,14,2.5,0.05,0.13,17.276971620621676,0.1192492319416739,15.21131418191644,204,37.61904761904762,2.3279427667251444,1.8860826390004963,599.5527359199938,442.60930075998175,59.64912280701754,57,34,0.08079054451402765
25,10,1.5,14,3.0,0.05,0.13,6.583689500836497,-0.4767512472061289,13.55857722380906,200,42.07602339181286,1.3945525347819538,1.5340340233752936,269.6339171739665,206.9127216973082,57.89473684210527,57,33,0.0
25,10,1.5,14,3.0,0.05,0.13,17.73788272577087,-0.19281527066766427,16.79970869925266,186,35.43859649122807,1.9531115683320819,1.693247332956593,619.0139949709805,430.12333876718014,59.64912280701754,57,34,0.0
25,10,1.5,14,3.5,0.05,0.13,6.487681135662479,-1.7476834641090107,14.05217098323248,196,38.304093567251456,1.2629564976683105,1.2460649844911238,300.67182481729293,224.75327847632272,56.14035087719298,57,32,0.0
25,10,1.5,14,3.5,0.05,0.13,21.945278033767995,-0.953564868433599,17.65118413526919,176,28.274853801169588,1.278832134463324,0.9209465365478912,996.3502545349432,574.2545735256897,59.64912280701754,57,34,0.0
25,10,2.0,5,2,0.05,0.13,4.5538268021665615,-0.848621849030169,12.11247361925851,216,42.506265664160395,1.6586843055873701,2.2994709219419556,200.58828532155593,168.0521122278947,54.385964912280706,57,31,0.0
25,10,2.0,5,2,0.05,0.13,11.936361081711594,-0.927388683591288,14.317158722930579,216,39.52380952380952,2.507995961697905,2.6042019490346515,434.9508640007834,307.408430700691,52.63157894736842,57,30,0.0
25,10,2.0,5,2.5,0.05,0.13,6.161398324606439,-0.28899836651579625,12.879371040294117,211,42.180451127819545,1.4743635712782164,1.469532837604457,260.32954767002093,202.39166172415136,56.14035087719298,57,32,0.0
25,10,2.0,5,2.5,0.05,0.13,17.32859985312439,0.4028355330980855,16.079014761033033,204,38.5547201336675,2.1801342132348163,1.9042615337543891,638.7118296652475,463.80933340093105,57.89473684210527,57,33,0.2513453732204304
25,10,2.0,5,3.0,0.05,0.13,5.895780240428665,-0.5107235863132303,13.539855485716824,204,40.6015037593985,1.558470006179267,1.7623398587824686,252.23397996220848,190.49533423734795,57.89473684210527,57,33,0.0
25,10,2.0,5,3.0,0.05,0.13,16.589226580286653,-0.06323563286100295,17.14121964947582,192,35.659983291562234,1.7216267399505316,1.3714633468696673,645.2769579053796,422.73789739466343,57.89473684210527,57,33,0.0
25,10,2.0,5,3.5,0.05,0.13,6.737978937408275,-1.0274046125210812,14.037194606338014,199,41.478696741854634,1.2830609788130793,1.2423662566200095,301.5063011018775,229.39393021059706,57.89473684210527,57,33,0.0
25,10,2.0,5,3.5,0.05,0.13,19.8271298884896,-0.5389667862784332,17.853784661361612,181,31.946532999164578,1.316422403940755,0.9760183966342216,716.3991999758542,416.1180253253375,59.64912280701754,57,34,0.0
25,10,2.0,10,2,0.05,0.13,5.06523943516767,-0.4286714688449926,12.228847126388633,214,43.40852130325814,1.6541159247303672,2.1965380477419965,208.71614447519156,175.8758715479549,56.14035087719298,57,32,0.0
25,10,2.0,10,2,0.05,0.13,13.077382844637464,-0.42680528989675265,14.272446078918378,213,40.16290726817042,2.626735711538679,2.4627157435119167,442.64694154054814,332.5439622871527,56.14035087719298,57,32,0.0
25,10,2.0,10,2.5,0.05,0.13,6.236038672498238,-0.3345510131511054,12.889377087099435,209,42.180451127819545,1.5420905295202183,1.5290172394507295,266.5477085386762,208.6596466518591,56.14035087719298,57,32,0.0
25,10,2.0,10,2.5,0.05,0.13,16.686506221838663,0.14422804416371565,15.853568116990047,203,37.88220551378446,2.207525865457488,1.8775953804100545,577.3156425765798,419.417531272476,59.64912280701754,57,34,0.09055077409506407
25,10,2.0,10,3.0,0.05,0.13,6.424280725164793,-0.8372519473803043,13.486446927157312,204,41.478696741854634,1.639192899305623,1.9684852365686047,264.2248821793792,203.2826839879732,57.89473684210527,57,33,0.0
25,10,2.0,10,3.0,0.05,0.13,17.80538693792542,-0.5167951414956722,16.941746726217946,190,35.659983291562234,1.9487967776093535,1.5161276229367093,630.1668616874092,423.9551168106441,57.89473684210527,57,33,0.0
25,10,2.0,10,3.5,0.05,0.13,6.571926091195292,-0.6281306709261271,14.061462738770896,198,39.327485380116954,1.2824522464479442,1.2540640503675273,292.467953779068,218.23008959538626,56.14035087719298,57,32,0.0
25,10,2.0,10,3.5,0.05,0.13,21.86650427040465,0.2851608338521613,17.807220172175825,178,29.29824561403509,1.300999165986248,0.9391659829882797,951.8102194227602,539.4899630670592,57.89473684210527,57,33,0.20272727886363184
25,10,2.0,14,2,0.05,0.13,5.6135039502937545,-0.40564055486811224,12.112358987586434,215,44.72431077694235,1.792686630673584,2.292293022517341,223.70076461250423,190.0161963323084,59.64912280701754,57,34,0.0
25,10,2.0,14,2,0.05,0.13,14.97978869120302,-0.35578360708183765,14.08971121413378,214,40.923141186299084,2.7944524010801266,2.582598652274668,497.77619872134966,372.3758709696425,59.64912280701754,57,34,0.0
25,10,2.0,14,2.5,0.05,0.13,5.848284064342692,-0.9358577451942746,12.841175495659195,209,41.741854636591476,1.7981641105326762,2.097811020861074,255.93654230488931,196.0381624478089,56.14035087719298,57,32,0.0
25,10,2.0,14,2.5,0.05,0.13,17.199325653075288,0.11857152912821749,15.281837435858217,205,37.61904761904762,2.3279427667251444,1.8860826390004963,598.8856874568332,441.9422522968212,59.64912280701754,57,34,0.07960133036776233
25,10,2.0,14,3.0,0.05,0.13,6.506043533290112,-0.47742895001958535,13.629100477750837,201,42.07602339181286,1.3945525347819538,1.5340340233752936,268.9668687108059,206.24567323414763,57.89473684210527,57,33,0.0
25,10,2.0,14,3.0,0.05,0.13,17.660236758224485,-0.19349297348112068,16.870231953194438,187,35.43859649122807,1.9531115683320819,1.693247332956593,618.34694650782,429.45629030401955,59.64912280701754,57,34,0.0
25,10,2.0,14,3.5,0.05,0.13,6.410035168116093,-1.748361166922467,14.122694237174256,197,38.304093567251456,1.2629564976683105,1.2460649844911238,300.00477635413233,224.08623001316215,56.14035087719298,57,32,0.0
25,10,2.0,14,3.5,0.05,0.13,21.86763206622161,-0.9542425712470554,17.721707389210966,177,28.274853801169588,1.278832134463324,0.9209465365478912,995.6832060717827,573.5875250625292,59.64912280701754,57,34,0.0
25,14,1.5,5,2,0.05,0.13,4.893207740885576,-1.0431159969659765,11.82700539802625,211,42.91144527986633,1.6700668517528008,2.3286881166436864,208.14863519506096,175.61246210139976,56.14035087719298,57,32,0.0
25,14,1.5,5,2,0.05,0.13,12.313658224984882,-1.090879826982075,14.038880794706776,211,39.92898913951545,2.5165774739510844,2.6404791034389055,444.94329616055876,317.4008628604664,56.14035087719298,57,32,0.0
25,14,1.5,5,2.5,0.05,0.13,6.525144279950723,-0.2721431576024217,12.591952752940223,206,42.326649958228906,1.5030758140442624,1.4977970960243265,267.42026791347246,209.48238196760286,56.14035087719298,57,32,0.0
25,14,1.5,5,2.5,0.05,0.13,17.74553585010073,0.4326934372495107,15.798869518242947,199,38.61319966583124,2.19783322257001,1.9378643512883145,649.60127333352,474.69877706920363,57.89473684210527,57,33,0.28137304991957657
25,14,1.5,5,3.0,0.05,0.13,6.298460013248797,-0.5128660996710057,13.21945173787839,199,41.040100250626566,1.5601007633397959,1.7920973598735246,260.0032634750409,198.26461775018035,57.89473684210527,57,33,0.0
25,14,1.5,5,3.0,0.05,0.13,17.0440766410503,-0.03768372537472974,16.828088946201195,187,36.06934001670843,1.7143039054679272,1.406796032583794,656.81678466966,434.27772415894384,57.89473684210527,57,33,0.0
25,14,1.5,5,3.5,0.05,0.13,7.209116030011771,-1.0388174601153135,13.660815632260508,194,42.06349206349206,1.2715041140563894,1.3056046659270075,313.13504101130445,241.02267012002397,57.89473684210527,57,33,0.0
25,14,1.5,5,3.5,0.05,0.13,20.392654073081133,-0.5418607865744476,17.477085314362476,176,32.414369256474515,1.2912274412120548,1.0485065667325013,732.9559980132226,428.8134402547564,59.64912280701754,57,34,0.0
25,14,1.5,10,2,0.05,0.13,5.374621836535881,-0.41330447285094407,11.966526235854126,209,43.78863826232247,1.6810850416780232,2.2275523283041765,216.00794408171464,183.16767115447797,56.14035087719298,57,32,0.0
25,14,1.5,10,2,0.05,0.13,13.436222634915934,-0.3954669250300124,14.01739823294768,208,40.54302422723475,2.6427373829232206,2.5015094992137388,455.44548348765875,345.3425042342633,56.14035087719298,57,32,0.0
25,14,1.5,10,2.5,0.05,0.13,6.58721046977413,-0.3026020658885081,12.611361740609773,204,42.326649958228906,1.5695877040452326,1.5566799654831132,273.4585257924379,215.57046390562087,56.14035087719298,57,32,0.0
25,14,1.5,10,2.5,0.05,0.13,17.088427857168547,0.17712613525430906,15.582825815064192,198,37.94068504594821,2.223978548738512,1.9098484081158014,587.796900832185,429.8987895280812,59.64912280701754,57,34,0.11586242159737976
25,14,1.5,10,3.0,0.05,0.13,6.786941505449826,-0.8292571223271508,13.199806570803807,199,41.77109440267335,1.6456810848534642,2.028970627287705,274.1620514479786,213.2198532565726,57.89473684210527,57,33,0.0
25,14,1.5,10,3.0,0.05,0.13,18.25781847000261,-0.5146820048117576,16.654785996942806,185,35.77694235588972,1.9377166400627195,1.584276937490217,644.5960807456606,434.5229527609461,57.89473684210527,57,33,0.0
25,14,1.5,10,3.5,0.05,0.13,6.971859998269879,-0.6303311754209764,13.745221543599337,193,39.91228070175438,1.2627590749612407,1.3156182815681203,302.8779611308927,228.6400969472109,56.14035087719298,57,32,0.0
25,14,1.5,10,3.5,0.05,0.13,22.381990937410826,0.2855281739779103,17.49065860408264,173,29.678362573099413,1.2779317976784086,0.9970304343701277,956.1006548623817,543.7803985066809,57.89473684210527,57,33,0.21153420600432546
25,14,1.5,14,2,0.05,0.13,5.922886351661965,-0.39242459527997936,11.849865648820431,210,45.10442773600668,1.832150028122309,2.3316027585786627,231.16098591413424,197.47641763393844,59.64912280701754,57,34,0.0
25,14,1.5,14,2,0.05,0.13,15.328000410984812,-0.3402300710727775,13.83694786023364,209,41.30325814536341,2.8240132733199266,2.625962749348944,507.5979781266281,382.19765037492095,59.64912280701754,57,34,0.0
25,14,1.5,14,2.5,0.05,0.13,6.184745342262943,-0.9058161746722989,12.563160149169533,204,41.88805346700084,1.82541970590573,2.123719326643087,261.83648284395576,201.93810298687538,56.14035087719298,57,32,0.0
25,14,1.5,14,2.5,0.05,0.13,17.583105828570282,0.15144732855615692,15.011095133932361,200,37.765246449456974,2.3436731389335104,1.9193590948064838,610.0717743930232,453.1283392330113,59.64912280701754,57,34,0.1058154031924251
25,14,1.5,14,3.0,0.05,0.13,6.853886947584919,-0.46212045156671744,13.354385258598228,196,42.36842105263158,1.3992456639395916,1.5936048672953846,278.54071398175466,215.8195185050964,57.89473684210527,57,33,0.0
25,14,1.5,14,3.0,0.05,0.13,18.053523001060363,-0.18830461271386403,16.595196361120195,182,35.64327485380117,1.9427374669907225,1.7676378710546905,633.0034627913742,444.1128065875737,59.64912280701754,57,34,0.0
25,14,1.5,14,3.5,0.05,0.13,6.809969075190679,-1.7505616714173164,13.806453042002701,192,38.888888888888886,1.243263326181607,1.3076192156917168,310.414783705957,234.4962373649868,56.14035087719298,57,32,0.0
25,14,1.5,14,3.5,0.05,0.13,22.383118733227782,-0.9538752311213065,17.405145821117777,172,28.654970760233915,1.2557647661554845,0.9788109879297392,999.9736415114043,577.8779605021507,59.64912280701754,57,34,0.0
25,14,2.0,5,2,0.05,0.13,4.8097547333187745,-0.8237869278400823,11.90260116151584,212,42.61904761904762,1.666244687643598,2.317627741558314,205.32771063436616,172.79153754070495,54.385964912280706,57,31,0.0
25,14,2.0,5,2,0.05,0.13,12.23020521741808,-0.8715507578561811,14.114476558196367,212,39.636591478696744,2.5127553098418813,2.629418728353533,442.122371599864,314.5799382997716,54.385964912280706,57,31,0.0
25,14,2.0,5,2.5,0.05,0.13,6.447498312404337,-0.27282086041587805,12.662476006882,207,42.326649958228906,1.5030758140442624,1.4977970960243265,266.75321945031186,208.8153335044423,56.14035087719298,57,32,0.0
25,14,2.0,5,2.5,0.05,0.13,17.667889882554345,0.4320157344360543,15.869392772184725,200,38.61319966583124,2.19783322257001,1.9378643512883145,648.9342248703595,474.0317286060431,57.89473684210527,57,33,0.27846013114788587
25,14,2.0,5,3.0,0.05,0.13,6.2208140457024115,-0.5135438024844621,13.289974991820168,200,41.040100250626566,1.5601007633397959,1.7920973598735246,259.3362150118803,197.59756928701978,57.89473684210527,57,33,0.0
25,14,2.0,5,3.0,0.05,0.13,16.96643067350391,-0.03836142818818616,16.898612200142974,188,36.06934001670843,1.7143039054679272,1.406796032583794,656.1497362064995,433.61067569578324,57.89473684210527,57,33,0.0
25,14,2.0,5,3.5,0.05,0.13,7.131470062465385,-1.0394951629287699,13.731338886202288,195,42.06349206349206,1.2715041140563894,1.3056046659270075,312.46799254814385,240.3556216568634,57.89473684210527,57,33,0.0
25,14,2.0,5,3.5,0.05,0.13,20.315008105534748,-0.5425384893879039,17.547608568304252,177,32.414369256474515,1.2912274412120548,1.0485065667325013,732.2889495500621,428.1463917915959,59.64912280701754,57,34,0.0
25,14,2.0,10,2,0.05,0.13,5.292174094054401,-0.4159549618609881,12.04149362390081,210,43.49624060150376,1.6802575918488445,2.220297791403901,213.52769268882298,180.6874197615863,56.14035087719298,57,32,0.0
25,14,2.0,10,2,0.05,0.13,13.353774892434451,-0.39811741404005657,14.092365620994363,209,40.25062656641604,2.6419099330940417,2.4942549623134633,452.96523209476715,342.8622528413716,56.14035087719298,57,32,0.0
25,14,2.0,10,2.5,0.05,0.13,6.509564502227744,-0.3032797687019645,12.68188499455155,205,42.326649958228906,1.5695877040452326,1.5566799654831132,272.79147732927737,214.90341544246027,56.14035087719298,57,32,0.0
25,14,2.0,10,2.5,0.05,0.13,17.01078188962216,0.17644843244085268,15.653349069005971,199,37.94068504594821,2.223978548738512,1.9098484081158014,587.1298523690244,429.2317410649205,59.64912280701754,57,34,0.11437704494081816
25,14,2.0,10,3.0,0.05,0.13,6.709295537903439,-0.8299348251406072,13.270329824745582,200,41.77109440267335,1.6456810848534642,2.028970627287705,273.49500298481803,212.55280479341204,57.89473684210527,57,33,0.0
25,14,2.0,10,3.0,0.05,0.13,18.180172502456223,-0.5153597076252141,16.725309250884585,186,35.77694235588972,1.9377166400627195,1.584276937490217,643.9290322825001,433.85590429778557,57.89473684210527,57,33,0.0
25,14,2.0,10,3.5,0.05,0.13,6.894214030723492,-0.631008878234433,13.815744797541116,194,39.91228070175438,1.2627590749612407,1.3156182815681203,302.2109126677321,227.97304848405034,56.14035087719298,57,32,0.0
25,14,2.0,10,3.5,0.05,0.13,22.304344969864438,0.28485047116445383,17.561181858024415,174,29.678362573099413,1.2779317976784086,0.9970304343701277,955.4336063992212,543.1133500435203,57.89473684210527,57,33,0.20945549551606485
25,14,2.0,14,2,0.05,0.13,5.8404386091804845,-0.3950750842900234,11.924833036867115,211,44.81203007518797,1.8313225782931302,2.3243482216783864,228.68073452124258,194.99616624104678,59.64912280701754,57,34,0.0
25,14,2.0,14,2,0.05,0.13,15.245552668503331,-0.34288056008282153,13.911915248280323,210,41.01086048454469,2.8231858234907476,2.6187082124486682,505.11772673373645,379.7173989820293,59.64912280701754,57,34,0.0
25,14,2.0,14,2.5,0.05,0.13,6.107099374716556,-0.9064938774857553,12.633683403111311,205,41.88805346700084,1.82541970590573,2.123719326643087,261.1694343807952,201.27105452371478,56.14035087719298,57,32,0.0
25,14,2.0,14,2.5,0.05,0.13,17.505459861023894,0.1507696257427005,15.08161838787414,201,37.765246449456974,2.3436731389335104,1.9193590948064838,609.4047259298627,452.4612907698507,59.64912280701754,57,34,0.10438629768633487
25,14,2.0,14,3.0,0.05,0.13,6.776240980038533,-0.46279815438017385,13.424908512540004,197,42.36842105263158,1.3992456639395916,1.5936048672953846,277.87366551859407,215.15247004193583,57.89473684210527,57,33,0.0
25,14,2.0,14,3.0,0.05,0.13,17.97587703351398,-0.18898231552732045,16.665719615061974,183,35.64327485380117,1.9427374669907225,1.7676378710546905,632.3364143282137,443.44575812441315,59.64912280701754,57,34,0.0
25,14,2.0,14,3.5,0.05,0.13,6.7323231076442935,-1.751239374230773,13.876976295944477,193,38.888888888888886,1.243263326181607,1.3076192156917168,309.7477352427964,233.82918890182623,56.14035087719298,57,32,0.0
25,14,2.0,14,3.5,0.05,0.13,22.3054727656814,-0.9545529339347628,17.475669075059557,173,28.654970760233915,1.2557647661554845,0.9788109879297392,999.3065930482437,577.2109120389902,59.64912280701754,57,34,0.0
30,10,1.5,5,2,0.05,0.13,5.679036683194761,-6.682798255771069,10.532179332883272,180,45.0,1.3157175930617344,1.2461392717645192,231.21037602513883,192.10498497891646,59.64912280701754,57,34,0.0
30,10,1.5,5,2,0.05,0.13,9.986507302607892,-0.6858853002174724,12.403837047760652,180,40.994152046783626,1.638941322432789,1.5855068953660445,356.3060320702918,238.2974599712497,57.89473684210527,57,33,0.0
30,10,1.5,5,2.5,0.05,0.13,6.529555128306091,-6.125718870731984,11.15635375245187,179,40.847953216374265,1.7674836406899528,1.7710237500190744,282.8099535582174,221.7214198284494,57.89473684210527,57,33,0.0
30,10,1.5,5,2.5,0.05,0.13,11.738951849214285,-0.4994483511124908,14.188438802250284,178,35.81871345029239,2.0999324941010937,1.9793507523680802,435.4880151563955,288.7997673236626,56.14035087719298,57,32,0.0
30,10,1.5,5,3.0,0.05,0.13,6.841087619105635,-6.259209634612678,11.714118470047257,177,40.55555555555555,1.3119079430428295,1.1432088767492106,295.9405209852591,230.53942018620006,56.14035087719298,57,32,0.0
30,10,1.5,5,3.0,0.05,0.13,12.136019529271529,-0.389994491449054,15.082414559044741,172,33.30409356725146,1.418460334428338,1.3114658743691154,494.42482146097,293.43526490433317,52.63157894736842,57,30,0.0
30,10,1.5,5,3.5,0.05,0.13,7.018152780198378,-6.4340263118072345,12.147362073176781,171,41.75438596491228,1.3096881540532768,1.2180342797324808,312.6361443286349,248.63930586432124,56.14035087719298,57,32,0.0
30,10,1.5,5,3.5,0.05,0.13,14.934715689952723,-0.7160842806950342,16.117174397394322,163,29.005847953216374,1.3060437721921174,1.0921510228787865,497.70709315076436,234.88363681979243,54.385964912280706,57,31,0.0
30,10,1.5,10,2,0.05,0.13,5.599360667023045,-6.567289832499275,10.673270379693166,181,44.03508771929825,1.381649719453709,1.1657161160056777,233.75316535263065,194.00437281679473,59.64912280701754,57,34,0.0
30,10,1.5,10,2,0.05,0.13,9.718018321934776,-0.5800276795950118,12.61404960473995,181,40.380116959064324,1.713398343400173,1.5282046644432683,361.5500214573376,243.92890605733433,57.89473684210527,57,33,0.0
30,10,1.5,10,2.5,0.05,0.13,6.438375536080661,-6.1281758884036455,11.18057937670859,178,41.14035087719298,1.7082499128111066,1.6755634567483886,280.9133436539581,219.82480992419013,54.385964912280706,57,31,0.0
30,10,1.5,10,2.5,0.05,0.13,12.291157264643472,-0.43847617079608153,13.690522803400722,177,36.11111111111111,2.1113687406617183,1.949929272670947,458.7418051725125,305.5471372725068,52.63157894736842,57,30,0.0
30,10,1.5,10,3.0,0.05,0.13,6.3073564769087564,-6.213397909335668,11.758490958977553,175,39.41520467836257,1.3251190121725411,1.2001216476612795,274.63316326150607,209.66337571448557,56.14035087719298,57,32,0.0
30,10,1.5,10,3.0,0.05,0.13,11.98494408784351,-0.34316709676474183,15.128406795936888,170,32.514619883040936,1.5590480799713264,1.4024303924190642,452.42322090675185,268.3143673205199,50.877192982456144,57,29,0.0
30,10,1.5,10,3.5,0.05,0.13,7.020505252601304,-6.285007582677512,12.251614621780885,172,42.3391812865497,1.271945968929512,1.1298839753922372,327.0256561579368,254.05478885345968,57.89473684210527,57,33,0.0
30,10,1.5,10,3.5,0.05,0.13,17.048407410824016,-0.7084326222519503,15.876036710676713,162,28.567251461988302,1.1619300501880547,1.023176022154198,530.9127990380534,264.1294115684613,56.14035087719298,57,32,0.0
30,10,1.5,14,2,0.05,0.13,5.851548444763327,-6.5279999491718925,10.602816613097357,181,44.327485380116954,1.552767258759098,1.55083000481764,242.47488152815478,204.00048385344454,59.64912280701754,57,34,0.0
30,10,1.5,14,2,0.05,0.13,11.559287214402573,-0.5473352234513746,12.499051626191267,181,40.08771929824562,1.8098008424271594,1.7377963461022954,415.3918982211996,302.9529076248612,57.89473684210527,57,33,0.0
30,10,1.5,14,2.5,0.05,0.13,6.005790709220412,-4.616248530598428,11.2935172578336,178,41.14035087719298,1.5317166849199655,1.4760829059390026,268.30731590352735,206.47310679895202,50.877192982456144,57,29,0.0
30,10,1.5,14,2.5,0.05,0.13,11.985701036157836,-0.35445106025984374,13.585542944963017,178,36.549707602339176,2.118345685048814,1.951699699028558,452.4404727701667,298.5804607801739,50.877192982456144,57,29,0.0
30,10,1.5,14,3.0,0.05,0.13,6.352137469051328,-5.911541816428986,11.904741134833364,173,39.41520467836257,1.3564073736702593,1.1821008960965163,280.78955549360796,214.14399077863573,54.385964912280706,57,31,0.0
30,10,1.5,14,3.0,0.05,0.13,12.320866946000255,-0.01775868395545393,15.114733771248916,168,31.78362573099415,1.5332248150983463,1.365066973093285,506.49970360661007,328.4937454483749,54.385964912280706,57,31,0.0
30,10,1.5,14,3.5,0.05,0.13,7.164976118109928,-7.768687443397082,12.303353845931886,172,41.16959064327485,1.3190495552454577,1.1754054669009353,337.7844845291388,263.15871727406966,59.64912280701754,57,34,0.0
30,10,1.5,14,3.5,0.05,0.13,17.584120399480682,-2.193861228948485,15.870159006205947,162,27.397660818713447,1.287741553699085,1.147687466465897,570.6213148375862,294.14127557683156,57.89473684210527,57,33,0.0
30,10,2.0,5,2,0.05,0.13,5.5968193600250125,-6.68422537566722,10.60883401885768,181,44.85380116959064,1.3126714511326534,1.2419800047700043,229.55653630378993,190.45114525756753,59.64912280701754,57,34,0.0
30,10,2.0,5,2,0.05,0.13,9.904289979438142,-0.687312420113623,12.48049173373506,181,40.847953216374265,1.6358951805037079,1.5813476283715298,354.6521923489429,236.6436202499008,57.89473684210527,57,33,0.0
30,10,2.0,5,2.5,0.05,0.13,6.452139580071439,-6.126167746192563,11.228478375308862,180,40.847953216374265,1.7674836406899528,1.7710237500190744,282.089161738017,221.00062800824907,57.89473684210527,57,33,0.0
30,10,2.0,5,2.5,0.05,0.13,11.661536300979632,-0.49989722657306973,14.260563425107277,179,35.81871345029239,2.0999324941010937,1.9793507523680802,434.76722333619506,288.0789755034623,56.14035087719298,57,32,0.0
30,10,2.0,5,3.0,0.05,0.13,6.760470887580919,-6.260140309105582,11.786293908272036,178,40.409356725146196,1.3105890442454784,1.1408458074088765,294.57516126912356,229.17406047006446,56.14035087719298,57,32,0.0
30,10,2.0,5,3.0,0.05,0.13,12.055402797746813,-0.3909251659419569,15.154589997269518,173,33.1578947368421,1.4171414356309868,1.3091028050287816,493.0594617448344,292.06990518819754,52.63157894736842,57,30,0.0
30,10,2.0,5,3.5,0.05,0.13,6.940737231963724,-6.434467241966703,12.218053741462974,172,41.75438596491228,1.3096881540532768,1.2180342797324808,311.9349971287609,247.9381586644473,56.14035087719298,57,32,0.0
30,10,2.0,5,3.5,0.05,0.13,14.85730014171807,-0.7165252108545029,16.187866065680513,164,29.005847953216374,1.3060437721921174,1.0921510228787865,497.00594595089035,234.18248961991847,54.385964912280706,57,31,0.0
30,10,2.0,10,2,0.05,0.13,5.517143343853296,-6.568716952395425,10.749925065667574,182,43.888888888888886,1.3786035775246281,1.161556849011163,232.0993256312817,192.35053309544577,59.64912280701754,57,34,0.0
30,10,2.0,10,2,0.05,0.13,9.635800998765028,-0.5814547994911624,12.690704290714358,182,40.23391812865496,1.7103522014710921,1.5240453974487536,359.8961817359887,242.27506633598543,57.89473684210527,57,33,0.0
30,10,2.0,10,2.5,0.05,0.13,6.357758804555945,-6.129106562896548,11.252754814933368,179,40.994152046783626,1.7069310140137555,1.6732003874080548,279.54798393782255,218.4594502080545,54.385964912280706,57,31,0.0
30,10,2.0,10,2.5,0.05,0.13,12.210540533118756,-0.4394068452889844,13.762698241625502,178,35.96491228070175,2.1100498418643667,1.9475662033306131,457.3764454563769,304.18177755637123,52.63157894736842,57,30,0.0
30,10,2.0,10,3.0,0.05,0.13,6.229940928674103,-6.2138388394951365,11.829182627263744,176,39.41520467836257,1.3251190121725411,1.2001216476612795,273.93201606163205,208.96222851461158,56.14035087719298,57,32,0.0
30,10,2.0,10,3.0,0.05,0.13,11.907528539608858,-0.34360802692421066,15.19909846422308,171,32.514619883040936,1.5590480799713264,1.4024303924190642,451.7220737068779,267.61322012064596,50.877192982456144,57,29,0.0
30,10,2.0,10,3.5,0.05,0.13,6.943089704366651,-6.285448512836981,12.322306290067075,173,42.3391812865497,1.271945968929512,1.1298839753922372,326.32450895806284,253.35364165358573,57.89473684210527,57,33,0.0
30,10,2.0,10,3.5,0.05,0.13,16.970991862589365,-0.7088735524114191,15.946728378962906,163,28.567251461988302,1.1619300501880547,1.023176022154198,530.2116518381795,263.42826436858735,56.14035087719298,57,32,0.0
30,10,2.0,14,2,0.05,0.13,5.765836363666947,-6.662372473082834,10.677577470612668,182,44.03508771929825,1.551811688264294,1.5342922656024063,239.8416289971654,201.3672313224552,57.89473684210527,57,33,0.0
30,10,2.0,14,2,0.05,0.13,11.473575133306195,-0.6817077473623168,12.573812483706579,182,39.795321637426895,1.8088452719323556,1.7212586068870614,412.7586456902102,300.3196550938718,56.14035087719298,57,32,0.0
30,10,2.0,14,2.5,0.05,0.13,5.925173977695695,-4.617179205091331,11.36569269605838,179,40.994152046783626,1.5303977861226141,1.4737198365986688,266.9419561873918,205.10774708281642,50.877192982456144,57,29,0.0
30,10,2.0,14,2.5,0.05,0.13,11.905084304633117,-0.3553817347527466,13.657718383187795,179,36.40350877192982,2.1170267862514622,1.9493366296882242,451.0751130540311,297.2151010640383,50.877192982456144,57,29,0.0
30,10,2.0,14,3.0,0.05,0.13,6.274721920816675,-5.911982746588455,11.975432803119554,174,39.41520467836257,1.3564073736702593,1.1821008960965163,280.088408293734,213.44284357876177,54.385964912280706,57,31,0.0
30,10,2.0,14,3.0,0.05,0.13,12.243451397765602,-0.018199614114922727,15.18542543953511,169,31.78362573099415,1.5332248150983463,1.365066973093285,505.7985564067361,327.79259824850095,54.385964912280706,57,31,0.0
30,10,2.0,14,3.5,0.05,0.13,7.087560569875274,-7.7691283735565495,12.374045514218079,173,41.16959064327485,1.3190495552454577,1.1754054669009353,337.0833373292648,262.45757007419564,59.64912280701754,57,34,0.0
30,10,2.0,14,3.5,0.05,0.13,17.506704851246027,-2.194302159107954,15.940850674492138,163,27.397660818713447,1.287741553699085,1.147687466465897,569.9201676377122,293.4401283769576,57.89473684210527,57,33,0.0
30,14,1.5,5,2,0.05,0.13,5.679036683194761,-6.682798255771069,10.532179332883272,180,45.0,1.3157175930617344,1.2461392717645192,231.21037602513883,192.10498497891646,59.64912280701754,57,34,0.0
30,14,1.5,5,2,0.05,0.13,9.986507302607892,-0.6858853002174724,12.403837047760652,180,40.994152046783626,1.638941322432789,1.5855068953660445,356.3060320702918,238.2974599712497,57.89473684210527,57,33,0.0
30,14,1.5,5,2.5,0.05,0.13,6.529555128306091,-6.125718870731984,11.15635375245187,179,40.847953216374265,1.7674836406899528,1.7710237500190744,282.8099535582174,221.7214198284494,57.89473684210527,57,33,0.0
30,14,1.5,5,2.5,0.05,0.13,11.738951849214285,-0.4994483511124908,14.188438802250284,178,35.81871345029239,2.0999324941010937,1.9793507523680802,435.4880151563955,288.7997673236626,56.14035087719298,57,32,0.0
30,14,1.5,5,3.0,0.05,0.13,6.841087619105635,-6.259209634612678,11.714118470047257,177,40.55555555555555,1.3119079430428295,1.1432088767492106,295.9405209852591,230.53942018620006,56.14035087719298,57,32,0.0
30,14,1.5,5,3.0,0.05,0.13,12.136019529271529,-0.389994491449054,15.082414559044741,172,33.30409356725146,1.418460334428338,1.3114658743691154,494.42482146097,293.43526490433317,52.63157894736842,57,30,0.0
30,14,1.5,5,3.5,0.05,0.13,7.018152780198378,-6.4340263118072345,12.147362073176781,171,41.75438596491228,1.3096881540532768,1.2180342797324808,312.6361443286349,248.63930586432124,56.14035087719298,57,32,0.0
30,14,1.5,5,3.5,0.05,0.13,14.934715689952723,-0.7160842806950342,16.117174397394322,163,29.005847953216374,1.3060437721921174,1.0921510228787865,497.70709315076436,234.88363681979243,54.385964912280706,57,31,0.0
30,14,1.5,10,2,0.05,0.13,5.599360667023045,-6.567289832499275,10.673270379693166,181,44.03508771929825,1.381649719453709,1.1657161160056777,233.75316535263065,194.00437281679473,59.64912280701754,57,34,0.0
30,14,1.5,10,2,0.05,0.13,9.718018321934776,-0.5800276795950118,12.61404960473995,181,40.380116959064324,1.713398343400173,1.5282046644432683,361.5500214573376,243.92890605733433,57.89473684210527,57,33,0.0
30,14,1.5,10,2.5,0.05,0.13,6.438375536080661,-6.1281758884036455,11.18057937670859,178,41.14035087719298,1.7082499128111066,1.6755634567483886,280.9133436539581,219.82480992419013,54.385964912280706,57,31,0.0
30,14,1.5,10,2.5,0.05,0.13,12.291157264643472,-0.43847617079608153,13.690522803400722,177,36.11111111111111,2.1113687406617183,1.949929272670947,458.7418051725125,305.5471372725068,52.63157894736842,57,30,0.0
30,14,1.5,10,3.0,0.05,0.13,6.3073564769087564,-6.213397909335668,11.758490958977553,175,39.41520467836257,1.3251190121725411,1.2001216476612795,274.63316326150607,209.66337571448557,56.14035087719298,57,32,0.0
30,14,1.5,10,3.0,0.05,0.13,11.98494408784351,-0.34316709676474183,15.128406795936888,170,32.514619883040936,1.5590480799713264,1.4024303924190642,452.42322090675185,268.3143673205199,50.877192982456144,57,29,0.0
30,14,1.5,10,3.5,0.05,0.13,7.020505252601304,-6.285007582677512,12.251614621780885,172,42.3391812865497,1.271945968929512,1.1298839753922372,327.0256561579368,254.05478885345968,57.89473684210527,57,33,0.0
30,14,1.5,10,3.5,0.05,0.13,17.048407410824016,-0.7084326222519503,15.876036710676713,162,28.567251461988302,1.1619300501880547,1.023176022154198,530.9127990380534,264.1294115684613,56.14035087719298,57,32,0.0
30,14,1.5,14,2,0.05,0.13,5.851548444763327,-6.5279999491718925,10.602816613097357,181,44.327485380116954,1.552767258759098,1.55083000481764,242.47488152815478,204.00048385344454,59.64912280701754,57,34,0.0
30,14,1.5,14,2,0.05,0.13,11.559287214402573,-0.5473352234513746,12.499051626191267,181,40.08771929824562,1.8098008424271594,1.7377963461022954,415.3918982211996,302.9529076248612,57.89473684210527,57,33,0.0
30,14,1.5,14,2.5,0.05,0.13,6.005790709220412,-4.616248530598428,11.2935172578336,178,41.14035087719298,1.5317166849199655,1.4760829059390026,268.30731590352735,206.47310679895202,50.877192982456144,57,29,0.0
30,14,1.5,14,2.5,0.05,0.13,11.985701036157836,-0.35445106025984374,13.585542944963017,178,36.549707602339176,2.118345685048814,1.951699699028558,452.4404727701667,298.5804607801739,50.877192982456144,57,29,0.0
30,14,1.5,14,3.0,0.05,0.13,6.352137469051328,-5.911541816428986,11.904741134833364,173,39.41520467836257,1.3564073736702593,1.1821008960965163,280.78955549360796,214.14399077863573,54.385964912280706,57,31,0.0
30,14,1.5,14,3.0,0.05,0.13,12.320866946000255,-0.01775868395545393,15.114733771248916,168,31.78362573099415,1.5332248150983463,1.365066973093285,506.49970360661007,328.4937454483749,54.385964912280706,57,31,0.0
30,14,1.5,14,3.5,0.05,0.13,7.164976118109928,-7.768687443397082,12.303353845931886,172,41.16959064327485,1.3190495552454577,1.1754054669009353,337.7844845291388,263.15871727406966,59.64912280701754,57,34,0.0
30,14,1.5,14,3.5,0.05,0.13,17.584120399480682,-2.193861228948485,15.870159006205947,162,27.397660818713447,1.287741553699085,1.147687466465897,570.6213148375862,294.14127557683156,57.89473684210527,57,33,0.0
30,14,2.0,5,2,0.05,0.13,5.5968193600250125,-6.68422537566722,10.60883401885768,181,44.85380116959064,1.3126714511326534,1.2419800047700043,229.55653630378993,190.45114525756753,59.64912280701754,57,34,0.0
30,14,2.0,5,2,0.05,0.13,9.904289979438142,-0.687312420113623,12.48049173373506,181,40.847953216374265,1.6358951805037079,1.5813476283715298,354.6521923489429,236.6436202499008,57.89473684210527,57,33,0.0
30,14,2.0,5,2.5,0.05,0.13,6.452139580071439,-6.126167746192563,11.228478375308862,180,40.847953216374265,1.7674836406899528,1.7710237500190744,282.089161738017,221.00062800824907,57.89473684210527,57,33,0.0
30,14,2.0,5,2.5,0.05,0.13,11.661536300979632,-0.49989722657306973,14.260563425107277,179,35.81871345029239,2.0999324941010937,1.9793507523680802,434.76722333619506,288.0789755034623,56.14035087719298,57,32,0.0
30,14,2.0,5,3.0,0.05,0.13,6.760470887580919,-6.260140309105582,11.786293908272036,178,40.409356725146196,1.3105890442454784,1.1408458074088765,294.57516126912356,229.17406047006446,56.14035087719298,57,32,0.0
30,14,2.0,5,3.0,0.05,0.13,12.055402797746813,-0.3909251659419569,15.154589997269518,173,33.1578947368421,1.4171414356309868,1.3091028050287816,493.0594617448344,292.06990518819754,52.63157894736842,57,30,0.0
30,14,2.0,5,3.5,0.05,0.13,6.940737231963724,-6.434467241966703,12.218053741462974,172,41.75438596491228,1.3096881540532768,1.2180342797324808,311.9349971287609,247.9381586644473,56.14035087719298,57,32,0.0
30,14,2.0,5,3.5,0.05,0.13,14.85730014171807,-0.7165252108545029,16.187866065680513,164,29.005847953216374,1.3060437721921174,1.0921510228787865,497.00594595089035,234.18248961991847,54.385964912280706,57,31,0.0
30,14,2.0,10,2,0.05,0.13,5.517143343853296,-6.568716952395425,10.749925065667574,182,43.888888888888886,1.3786035775246281,1.161556849011163,232.0993256312817,192.35053309544577,59.64912280701754,57,34,0.0
30,14,2.0,10,2,0.05,0.13,9.635800998765028,-0.5814547994911624,12.690704290714358,182,40.23391812865496,1.7103522014710921,1.5240453974487536,359.8961817359887,242.27506633598543,57.89473684210527,57,33,0.0
30,14,2.0,10,2.5,0.05,0.13,6.357758804555945,-6.129106562896548,11.252754814933368,179,40.994152046783626,1.7069310140137555,1.6732003874080548,279.54798393782255,218.4594502080545,54.385964912280706,57,31,0.0
30,14,2.0,10,2.5,0.05,0.13,12.210540533118756,-0.4394068452889844,13.762698241625502,178,35.96491228070175,2.1100498418643667,1.9475662033306131,457.3764454563769,304.18177755637123,52.63157894736842,57,30,0.0
30,14,2.0,10,3.0,0.05,0.13,6.229940928674103,-6.2138388394951365,11.829182627263744,176,39.41520467836257,1.3251190121725411,1.2001216476612795,273.93201606163205,208.96222851461158,56.14035087719298,57,32,0.0
30,14,2.0,10,3.0,0.05,0.13,11.907528539608858,-0.34360802692421066,15.19909846422308,171,32.514619883040936,1.5590480799713264,1.4024303924190642,451.7220737068779,267.61322012064596,50.877192982456144,57,29,0.0
30,14,2.0,10,3.5,0.05,0.13,6.943089704366651,-6.285448512836981,12.322306290067075,173,42.3391812865497,1.271945968929512,1.1298839753922372,326.32450895806284,253.35364165358573,57.89473684210527,57,33,0.0
30,14,2.0,10,3.5,0.05,0.13,16.970991862589365,-0.7088735524114191,15.946728378962906,163,28.567251461988302,1.1619300501880547,1.023176022154198,530.2116518381795,263.42826436858735,56.14035087719298,57,32,0.0
30,14,2.0,14,2,0.05,0.13,5.765836363666947,-6.662372473082834,10.677577470612668,182,44.03508771929825,1.551811688264294,1.5342922656024063,239.8416289971654,201.3672313224552,57.89473684210527,57,33,0.0
30,14,2.0,14,2,0.05,0.13,11.473575133306195,-0.6817077473623168,12.573812483706579,182,39.795321637426895,1.8088452719323556,1.7212586068870614,412.7586456902102,300.3196550938718,56.14035087719298,57,32,0.0
30,14,2.0,14,2.5,0.05,0.13,5.925173977695695,-4.617179205091331,11.36569269605838,179,40.994152046783626,1.5303977861226141,1.4737198365986688,266.9419561873918,205.10774708281642,50.877192982456144,57,29,0.0
30,14,2.0,14,2.5,0.05,0.13,11.905084304633117,-0.3553817347527466,13.657718383187795,179,36.40350877192982,2.1170267862514622,1.9493366296882242,451.0751130540311,297.2151010640383,50.877192982456144,57,29,0.0
30,14,2.0,14,3.0,0.05,0.13,6.274721920816675,-5.911982746588455,11.975432803119554,174,39.41520467836257,1.3564073736702593,1.1821008960965163,280.088408293734,213.44284357876177,54.385964912280706,57,31,0.0
30,14,2.0,14,3.0,0.05,0.13,12.243451397765602,-0.018199614114922727,15.18542543953511,169,31.78362573099415,1.5332248150983463,1.365066973093285,505.7985564067361,327.79259824850095,54.385964912280706,57,31,0.0
30,14,2.0,14,3.5,0.05,0.13,7.087560569875274,-7.7691283735565495,12.374045514218079,173,41.16959064327485,1.3190495552454577,1.1754054669009353,337.0833373292648,262.45757007419564,59.64912280701754,57,34,0.0
30,14,2.0,14,3.5,0.05,0.13,17.506704851246027,-2.194302159107954,15.940850674492138,163,27.397660818713447,1.287741553699085,1.147687466465897,569.9201676377122,293.4401283769576,57.89473684210527,57,33,0.0
