fast_len,slow_len,atr_len,atr_mult,stop_loss_pct,avg_return_pct,avg_sharpe,avg_max_drawdown,total_trades,avg_win_rate,stock_win_rate,stocks_tested,winning_stocks
7,15,10,3.0,0.05,5.086259942779713,1.3307390018452303,20.35638814547706,2689,26.43638170974155,50.695825049701796,503,255
7,15,10,3.0,0.08,6.332987554705559,0.028267376112132918,21.07263932941203,2509,28.28789169743444,50.89463220675944,503,256
7,15,10,3.0,0.1,5.845702962542701,2.3584684654154615,21.284635760518032,2486,28.38832086844015,50.29821073558648,503,253
7,15,10,3.0,0.15,5.606268330907329,2.384475462740883,21.476386640780465,2460,28.55020669632996,50.29821073558648,503,253
7,15,10,3.5,0.05,7.802823754457085,0.5504190468353901,20.563960355069238,2422,23.363706648994917,52.286282306163024,503,263
7,15,10,3.5,0.08,7.617557763228221,0.17808357736554128,21.46671019768129,2211,25.303417589699897,52.087475149105366,503,262
7,15,10,3.5,0.1,7.086809735786629,3.010085588249639,21.703740898266684,2169,25.515951907602005,52.48508946322068,503,264
7,15,10,3.5,0.15,6.781944403684571,20.73513568409282,22.002481078355203,2133,25.762094102054338,52.286282306163024,503,263
7,15,10,4.0,0.05,8.586250454362256,1.2847783719893744,20.85264932059767,2246,21.095411657041875,52.48508946322068,503,264
7,15,10,4.0,0.08,8.186694522940579,-0.20779937679113503,22.03457808788458,2011,23.310849190570856,52.88270377733598,503,266
7,15,10,4.0,0.1,7.503049210840948,-0.037359856079811946,22.406865586202272,1956,23.637697623781122,52.286282306163024,503,263
7,15,10,4.0,0.15,7.219881495013433,0.11296172263921632,22.68646456244146,1902,24.13045536305974,51.0934393638171,503,257
7,15,14,3.0,0.05,5.313165904752305,1.4744180434736383,20.37575147947339,2664,25.917826375082836,50.695825049701796,503,255
7,15,14,3.0,0.08,6.4148274415746345,0.09625007142987325,21.11407034126455,2485,27.72910158099025,50.09940357852882,503,252
7,15,14,3.0,0.1,5.976795602698244,0.06840567815829693,21.367286928678602,2462,27.8976932058443,49.30417495029821,503,248
7,15,14,3.0,0.15,5.760420964391022,0.3170109727508788,21.58583262611601,2435,28.066679289343305,49.70178926441352,503,250
7,15,14,3.5,0.05,7.842149456291489,0.4233312148639966,20.57781257931113,2414,23.26162075168039,52.48508946322068,503,264
7,15,14,3.5,0.08,7.540557008584028,0.18521863981089312,21.546579572468467,2202,25.276436618384928,52.48508946322068,503,264
7,15,14,3.5,0.1,6.948780551713362,3.4680211575300066,21.829066457545984,2159,25.5168986083499,52.48508946322068,503,264
7,15,14,3.5,0.15,6.771261956220688,21.312362859576368,22.118709383768547,2117,25.829309855154786,52.48508946322068,503,264
7,15,14,4.0,0.05,8.326996005675664,0.7167351091296887,20.802422513834735,2241,21.331534601912335,52.087475149105366,503,262
7,15,14,4.0,0.08,7.99053183485179,-0.8077880857374152,21.935265769448247,1999,23.70799015431222,52.683896620278325,503,265
7,15,14,4.0,0.1,7.3284375895535305,-0.627588927993905,22.347981777613267,1943,24.0764934204298,52.48508946322068,503,264
7,15,14,4.0,0.15,7.045768015910872,-0.4678348779438904,22.641871600927256,1892,24.594338729527593,52.683896620278325,503,265
7,18,10,3.0,0.05,5.222900718696774,0.015800772052933506,19.359340264664006,2478,26.039477421187165,50.89463220675944,503,256
7,18,10,3.0,0.08,5.8041893796138755,-0.09783778485414663,19.96916128900423,2332,27.966960143898515,51.491053677932406,503,259
7,18,10,3.0,0.1,5.289960415225981,0.28083535866958237,20.285714999244735,2304,28.19795512638455,50.09940357852882,503,252
7,18,10,3.0,0.15,5.164106367225121,0.14447633042843808,20.51390260430255,2282,28.36126100539619,49.70178926441352,503,250
7,18,10,3.5,0.05,7.988428056019045,-1.2166920188111943,19.70465529005995,2250,23.134289501088706,51.29224652087475,503,258
7,18,10,3.5,0.08,8.332380112495132,-0.7313506499138659,20.48133469548179,2077,25.15194547003692,50.695825049701796,503,255
7,18,10,3.5,0.1,7.702537169839213,0.3787797209567461,20.878259759248202,2033,25.46956357095522,50.695825049701796,503,255
7,18,10,3.5,0.15,7.639804184391046,-0.49233851093004105,21.14893077632271,2000,25.764460853924074,50.89463220675944,503,256
7,18,10,4.0,0.05,8.60408852016248,0.11500658293716319,19.96734154158506,2102,21.26999905329925,50.695825049701796,503,255
7,18,10,4.0,0.08,8.871491946864094,-3.433463431219796,20.984696518128967,1901,23.477705197387106,51.0934393638171,503,257
7,18,10,4.0,0.1,8.181978721293792,0.1650688334904948,21.46267330608452,1840,23.996023856858848,51.0934393638171,503,257
7,18,10,4.0,0.15,8.090682533945408,0.3276405451869468,21.789076198276305,1790,24.552683896620277,50.89463220675944,503,256
7,18,14,3.0,0.05,5.4505767624747845,0.29586374989411823,19.37376034946532,2455,25.914039572091262,51.0934393638171,503,257
7,18,14,3.0,0.08,5.984434650760869,-0.040354325886437205,20.06596791727495,2310,27.731231657673007,50.89463220675944,503,256
7,18,14,3.0,0.1,5.533510438127194,1.1676825652702452,20.38192401299539,2279,27.95228628230616,50.09940357852882,503,252
7,18,14,3.0,0.15,5.430051306480267,0.40600753684828,20.616173838273177,2257,28.161980497964596,49.90059642147117,503,251
7,18,14,3.5,0.05,7.766613544168875,-1.238265905871875,19.708489870568346,2241,23.19203824671021,51.689860834990064,503,260
7,18,14,3.5,0.08,8.012079763353823,-4.369519414447586,20.553786691760276,2066,25.246142194452332,50.29821073558648,503,253
7,18,14,3.5,0.1,7.453520636627488,0.31317386637642874,20.921261965388126,2017,25.616302186878727,50.695825049701796,503,255
7,18,14,3.5,0.15,7.404147952899283,-0.5346589078985118,21.248387953589422,1982,25.97746852220013,50.695825049701796,503,255
7,18,14,4.0,0.05,8.253835967424891,0.10885283831748072,19.963454829835594,2095,21.44064186310707,51.29224652087475,503,258
7,18,14,4.0,0.08,8.589660819016897,-3.2365336378477947,20.956730335401836,1891,23.694973019028684,51.0934393638171,503,257
7,18,14,4.0,0.1,7.949775771322452,0.4747980625761618,21.416096599248256,1824,24.267726971504306,50.89463220675944,503,256
7,18,14,4.0,0.15,7.918752509575151,0.6117258426478868,21.75129087699578,1773,24.870775347912524,51.0934393638171,503,257
7,26,10,3.0,0.05,6.916878417838087,-0.3257703558458826,17.12124608532607,2042,27.697150430748838,50.49701789264414,503,254
7,26,10,3.0,0.08,8.701927700804275,0.43298966927266314,17.653610540315878,1929,29.698475811795888,51.689860834990064,503,260
7,26,10,3.0,0.1,8.845823705394162,0.4401394804925055,17.79310780912403,1904,29.983432736911862,51.491053677932406,503,259
7,26,10,3.0,0.15,8.64634373559891,0.3469813676272091,17.864969544221026,1888,30.24850894632207,52.087475149105366,503,262
7,26,10,3.5,0.05,8.68065192469145,0.6681027251146116,17.460342037712746,1872,24.571381236391176,51.29224652087475,503,258
7,26,10,3.5,0.08,10.420759738202063,1.0898713221745966,18.162836433137276,1730,26.56394963552021,53.08151093439364,503,267
7,26,10,3.5,0.1,10.548544764571846,7.935664759883606,18.333690872179805,1697,26.96156394963552,52.48508946322068,503,264
7,26,10,3.5,0.15,10.346475491666448,2.89905147970676,18.52604486653315,1673,27.458581842279653,53.08151093439364,503,267
7,26,10,4.0,0.05,9.5137913194736,0.3709508172906247,17.725390561543545,1749,23.33522673482912,53.87673956262425,503,271
7,26,10,4.0,0.08,11.11319053909789,0.8017327409844286,18.602867740173185,1595,25.715705765407556,53.677932405566594,503,270
7,26,10,4.0,0.1,11.407904522814203,0.8053806478385367,18.80911687902702,1545,26.44135188866799,53.87673956262425,503,271
7,26,10,4.0,0.15,11.327491164141614,0.8702050117811314,19.049341707299966,1510,27.04771371769384,55.069582504970185,503,277
7,26,14,3.0,0.05,7.052569615796237,-0.2955810180629967,17.166734996958308,2023,27.413613556754708,50.29821073558648,503,253
7,26,14,3.0,0.08,8.723169518919033,0.32426823927617765,17.761807542503508,1909,29.393638170974157,50.89463220675944,503,256
7,26,14,3.0,0.1,8.891411864615803,0.32807142870968375,17.89530098753931,1883,29.721669980119284,50.89463220675944,503,256
7,26,14,3.0,0.15,8.72402336404842,0.43158238383914715,17.996584236963674,1868,29.940357852882705,51.491053677932406,503,259
7,26,14,3.5,0.05,8.296222708795241,0.7901248731124983,17.433223545295412,1863,24.97562245574174,51.491053677932406,503,259
7,26,14,3.5,0.08,9.972756605398937,1.7024378104495206,18.197060680121087,1719,27.233267064280977,53.28031809145129,503,268
7,26,14,3.5,0.1,10.081024106747448,5.649617091021737,18.37995675311725,1685,27.647448641484427,51.88866799204771,503,261
7,26,14,3.5,0.15,9.877212093394425,3.3429136115935956,18.57153902595816,1662,28.134526176275678,52.683896620278325,503,265
7,26,14,4.0,0.05,9.10331557751477,0.8676498942176958,17.775857299060632,1747,23.394868881946415,53.47912524850894,503,269
7,26,14,4.0,0.08,10.769389860222889,1.3036138745583314,18.639574985307732,1585,25.818422796554007,53.87673956262425,503,271
7,26,14,4.0,0.1,11.072313511941521,1.2187177748266909,18.8516855754787,1533,26.66335321404904,53.87673956262425,503,271
7,26,14,4.0,0.15,11.069127292685753,3.010963323793907,19.066754158188132,1497,27.259774685222,55.46719681908549,503,279
7,50,10,3.0,0.05,7.295436664083752,8.22926371458143,12.682323687167932,1343,33.033702546625015,54.07554671968191,503,272
7,50,10,3.0,0.08,8.309425226552863,8.597692150317911,13.209367439659431,1282,35.98740888005301,56.461232604373755,503,284
7,50,10,3.0,0.1,8.33349643362703,8.609098274742408,13.291253898029204,1271,36.00728959575878,56.85884691848907,503,286
7,50,10,3.0,0.15,8.52010289668359,8.593310003668172,13.30350743690923,1264,36.32869449966865,57.25646123260437,503,288
7,50,10,3.5,0.05,8.604082378423987,0.21650405001289985,13.420537482156355,1288,30.102717031146454,56.85884691848907,503,286
7,50,10,3.5,0.08,10.057603113190995,0.5442894476481313,14.104903809600934,1202,33.00198807157058,59.04572564612326,503,297
7,50,10,3.5,0.1,10.238068359758214,0.5850979851633813,14.192720727462422,1182,33.23724320742213,59.64214711729622,503,300
7,50,10,3.5,0.15,10.632098638564655,0.5994717352230639,14.199585346730673,1166,33.767395626242546,60.437375745526836,503,304
7,50,10,4.0,0.05,9.672138042223462,2.925446000166995,13.874105573652654,1228,27.395626242544733,56.66003976143141,503,285
7,50,10,4.0,0.08,11.25505890989658,4.283204455718355,14.642346703417923,1126,30.39098740888005,59.443339960238575,503,299
7,50,10,4.0,0.1,11.479854023213207,2.578373262159932,14.789742739088222,1099,30.970841616964876,60.238568588469185,503,303
7,50,10,4.0,0.15,12.231787748486628,2.577616881307595,14.860923010704724,1079,31.368455931080184,61.431411530815105,503,309
7,50,14,3.0,0.05,7.446850352985752,8.195611853103472,12.722570488077265,1338,32.83489538956736,53.47912524850894,503,269
7,50,14,3.0,0.08,8.414965152288703,8.384752465904132,13.259216903231287,1273,36.070245195493705,55.864811133200796,503,281
7,50,14,3.0,0.1,8.516994398268972,8.394192396845948,13.341740786081273,1263,36.12326043737575,56.2624254473161,503,283
7,50,14,3.0,0.15,8.744128730298645,8.378253720283462,13.32638819023019,1254,36.461232604373755,56.66003976143141,503,285
7,50,14,3.5,0.05,8.329141709530191,0.1772186180477506,13.386881408939736,1280,30.39761431411531,57.45526838966203,503,289
7,50,14,3.5,0.08,9.714653997283342,0.6415237433798566,14.100472843906456,1192,33.552021206096754,60.039761431411534,503,302
7,50,14,3.5,0.1,9.941317254391684,0.9024667785648759,14.185223795249286,1169,33.95294897282969,60.63618290258449,503,305
7,50,14,3.5,0.15,10.241002038922938,0.8810333796539314,14.2131982403109,1156,34.40026507620941,61.23260437375746,503,308
7,50,14,4.0,0.05,8.900867798514767,2.723317524559925,13.934146588715615,1227,27.405566600397613,57.057654075546715,503,287
7,50,14,4.0,0.08,10.536452666220669,4.232780666317127,14.66694013072857,1118,30.523525513585152,60.039761431411534,503,302
7,50,14,4.0,0.1,10.766246938106928,-59.683527069174595,14.829050709482678,1090,31.18621603711067,60.63618290258449,503,305
7,50,14,4.0,0.15,11.183149696176057,-59.673114867353924,14.928810203412898,1071,31.683233929754802,61.82902584493042,503,311
7,70,10,3.0,0.05,5.387291828961607,0.03135141250694006,10.597434794158794,1047,34.93359893758301,52.98804780876494,502,266
7,70,10,3.0,0.08,6.215433567692828,-0.28451463583117514,11.086014434747502,1009,37.091633466135455,55.37848605577689,502,278
7,70,10,3.0,0.1,6.218414673821938,-0.26495067828125524,11.231388995146549,1002,37.4003984063745,55.37848605577689,502,278
7,70,10,3.0,0.15,6.08822036675779,-0.2828729088096703,11.350964212664925,1001,37.416998671978746,54.980079681274894,502,276
7,70,10,3.5,0.05,6.851472050246189,0.0773472354584235,11.249352750994353,1019,31.606905710491368,54.18326693227091,502,272
7,70,10,3.5,0.08,8.878368909547888,0.36956132836041494,11.957645012259336,970,34.22974767596281,57.96812749003985,502,291
7,70,10,3.5,0.1,8.942688672938422,0.395697700220231,12.096084313256295,960,34.51195219123506,57.37051792828686,502,288
7,70,10,3.5,0.15,8.86078921585186,0.3934886394627095,12.27221560259022,953,34.69455511288181,57.171314741035864,502,287
7,70,10,4.0,0.05,7.744364210820935,0.8019327441477616,11.782918027082365,988,28.99734395750332,54.980079681274894,502,276
7,70,10,4.0,0.08,10.078139906728119,0.7115711065629783,12.529409043544108,924,31.557104913678618,58.964143426294825,502,296
7,70,10,4.0,0.1,10.108083396095132,0.7575520668141494,12.738550560215998,908,31.723107569721115,58.76494023904383,502,295
7,70,10,4.0,0.15,10.265712931813473,0.7109979200000995,12.888522394979361,894,31.938911022576363,58.76494023904383,502,295
7,70,14,3.0,0.05,5.625525462293439,0.06461334632358472,10.618876482845009,1044,35.58100929614874,53.78486055776892,502,270
7,70,14,3.0,0.08,6.562787172790402,0.2844081948524063,11.10962140341842,1004,38.213811420982736,56.573705179282875,502,284
7,70,14,3.0,0.1,6.5770031268541596,0.3009230557415721,11.248913519790005,997,38.529216467463485,56.573705179282875,502,284
7,70,14,3.0,0.15,6.441081298592473,0.2830942199910779,11.410575523099979,995,38.56241699867198,56.37450199203188,502,283
7,70,14,3.5,0.05,6.551373215396767,0.3650782612380279,11.246366018798414,1015,32.39043824701195,54.980079681274894,502,276
7,70,14,3.5,0.08,8.502119377961234,0.6031352952647636,11.9669156623545,963,35.24236387782205,58.56573705179283,502,294
7,70,14,3.5,0.1,8.576451434567549,0.6384190033534571,12.10262177542095,952,35.54116865869854,58.366533864541836,502,293
7,70,14,3.5,0.15,8.449656937630374,0.6349829132742616,12.283873323592356,947,35.690571049136786,58.16733067729084,502,292
7,70,14,4.0,0.05,7.153521408204927,0.3972503995996928,11.810404214843874,987,29.379150066401063,54.7808764940239,502,275
7,70,14,4.0,0.08,9.366845608301011,0.2719869621761877,12.546598900942662,921,32.20451527224436,58.964143426294825,502,296
7,70,14,4.0,0.1,9.409780340270995,0.3907096317300407,12.752769507301007,904,32.47011952191235,58.964143426294825,502,296
7,70,14,4.0,0.15,9.539557527263113,0.38806619251267327,12.923186941735183,889,32.5531208499336,58.76494023904383,502,295
7,100,10,3.0,0.05,1.5551792269465716,0.3804705313323305,6.953355341788593,661,19.379150066401063,38.645418326693225,502,194
7,100,10,3.0,0.08,2.6129657526008803,0.18016313635749678,7.332488038315096,627,20.202523240371846,40.63745019920319,502,204
7,100,10,3.0,0.1,2.74358062589507,0.19548094594254306,7.3812120172983695,623,20.717131474103585,41.03585657370518,502,206
7,100,10,3.0,0.15,2.8103920580460504,0.19423599256551566,7.4287553039824665,622,20.94953519256308,41.235059760956176,502,207
7,100,10,3.5,0.05,1.9050914616361894,0.168758110565643,7.4639411888353875,650,16.08565737051793,38.24701195219124,502,192
7,100,10,3.5,0.08,3.0304550733778766,0.01638733717639351,7.931473681494545,613,17.247675962815407,40.23904382470119,502,202
7,100,10,3.5,0.1,3.460660505621538,0.060400776224742714,7.986285250699735,604,17.14807436918991,40.23904382470119,502,202
7,100,10,3.5,0.15,3.558725969680324,0.06566154393495026,8.047961065247344,599,17.4136786188579,40.63745019920319,502,204
7,100,10,4.0,0.05,2.630847815692885,0.23126400160092656,7.779565310737693,639,13.977423638778221,38.047808764940235,502,191
7,100,10,4.0,0.08,3.8932547180600663,0.19234645815262655,8.291954786911903,589,14.9734395750332,40.438247011952186,502,203
7,100,10,4.0,0.1,4.2594946410600185,0.1937648267612315,8.431140490142763,578,14.873837981407704,40.63745019920319,502,204
7,100,10,4.0,0.15,4.380936076497707,0.19297331342784502,8.525811096628177,570,15.239043824701195,41.03585657370518,502,206
7,100,14,3.0,0.05,1.5191096249242346,0.1256314274668591,6.97536906287176,661,20.175962815405047,39.04382470119522,502,196
7,100,14,3.0,0.08,2.5761056842060195,-0.062009213522459916,7.363563053259919,627,21.06573705179283,40.63745019920319,502,204
7,100,14,3.0,0.1,2.719974858312852,-0.04550534741540079,7.405069222880721,624,21.58034528552457,41.03585657370518,502,206
7,100,14,3.0,0.15,2.808868758775634,-0.048065892007560784,7.449823088117812,622,21.91235059760956,41.235059760956176,502,207
7,100,14,3.5,0.05,1.8840460210718222,0.1894206435009908,7.4723688651994555,649,16.616865869853918,38.44621513944223,502,193
7,100,14,3.5,0.08,3.026603665220044,0.04282630403628848,7.9258837065891266,608,17.778884462151396,40.63745019920319,502,204
7,100,14,3.5,0.1,3.468374045358926,0.06634364672261993,7.9798907953870115,598,17.878486055776893,41.03585657370518,502,206
7,100,14,3.5,0.15,3.5342250530575208,0.07013944541235712,8.046842436820453,595,18.110889774236387,41.235059760956176,502,207
7,100,14,4.0,0.05,2.1275458242528824,0.2152312230467675,7.754499704346462,637,14.907038512616202,38.24701195219124,502,192
7,100,14,4.0,0.08,3.3988513880457965,0.18468158331713017,8.274396477243052,587,15.803452855245684,40.63745019920319,502,204
7,100,14,4.0,0.1,3.7370569922291437,0.20177394927950842,8.438754114081414,576,15.604249667994686,40.63745019920319,502,204
7,100,14,4.0,0.15,3.8315748980713797,0.18878430585427652,8.544993588487714,568,15.869853917662683,40.83665338645419,502,205
14,15,10,3.0,0.05,5.753703771323637,0.35715133639632163,21.099725467244415,2849,27.440515636340685,51.491053677932406,503,259
14,15,10,3.0,0.08,5.209801960178984,1.1945591110264135,21.807978190211486,2629,28.944665341285617,52.286282306163024,503,263
14,15,10,3.0,0.1,5.137269159197369,1.1567015785952972,21.996107328862628,2559,29.59528543027549,52.286282306163024,503,263
14,15,10,3.0,0.15,5.3166192314844976,1.118552783248704,22.131435965237415,2506,30.11407744012118,51.689860834990064,503,260
14,15,10,3.5,0.05,6.803598631415962,0.18871965918274847,21.365244000722118,2579,24.53627441699012,52.683896620278325,503,265
14,15,10,3.5,0.08,6.125004840204542,-0.8789604370039319,22.172202523549217,2322,26.308577108775914,52.087475149105366,503,262
14,15,10,3.5,0.1,6.13776886300276,0.024263857861483662,22.370195911606054,2235,26.99517182618574,51.88866799204771,503,261
14,15,10,3.5,0.15,6.496633501066895,-0.11971189382795044,22.54459139677445,2160,27.722711350941967,52.286282306163024,503,263
14,15,10,4.0,0.05,7.357695861992052,0.5629424565426494,21.622480065007075,2391,22.394600650067847,52.683896620278325,503,265
14,15,10,4.0,0.08,6.739562272245948,0.37428543691298016,22.43474177921634,2108,24.069629840007572,53.28031809145129,503,268
14,15,10,4.0,0.1,6.872036280409971,0.35600954875127616,22.70067145937811,2002,24.879769005017515,53.87673956262425,503,271
14,15,10,4.0,0.15,7.2696741591503224,0.34198952492170964,22.954368056404153,1910,25.93628703966676,53.87673956262425,503,271
14,15,14,3.0,0.05,5.8403579249604896,0.14068702586340595,21.195720524642166,2825,26.96700747893591,50.89463220675944,503,256
14,15,14,3.0,0.08,5.25609349295632,0.8662964169498911,21.916111718478934,2603,28.359367603900406,51.88866799204771,503,261
14,15,14,3.0,0.1,5.31616750354934,0.8600894394455847,22.063122724477033,2529,29.033418536400642,52.087475149105366,503,262
14,15,14,3.0,0.15,5.55759881870854,0.8658431726650027,22.202854397940218,2474,29.571144561204203,52.087475149105366,503,262
14,15,14,3.5,0.05,6.512288415762338,0.28761001703185357,21.44146849449621,2574,24.65611095332765,52.286282306163024,503,263
14,15,14,3.5,0.08,5.782276009435182,-1.0268955529269939,22.283553524721793,2310,26.26999905329925,51.88866799204771,503,261
14,15,14,3.5,0.1,5.83626029186038,-0.23223126588122286,22.477601629556137,2219,27.002982107355866,51.88866799204771,503,261
14,15,14,3.5,0.15,6.24079989420503,-0.2647034429805758,22.65505677975742,2142,27.82968853545394,52.286282306163024,503,263
14,15,14,4.0,0.05,7.0880783172099475,0.5166977400830042,21.603305742059995,2386,22.347344504402155,52.683896620278325,503,265
14,15,14,4.0,0.08,6.309411232386973,0.402189387390149,22.490685540251235,2102,24.024661554482627,53.28031809145129,503,268
14,15,14,4.0,0.1,6.392785733385525,0.22818850813673244,22.76746246764842,1995,24.895862917731705,53.677932405566594,503,270
14,15,14,4.0,0.15,6.994789462423459,0.6813762367597553,22.961402417645342,1899,25.960901259111992,54.27435387673957,503,273
14,18,10,3.0,0.05,5.943547554113422,-0.3478796997989704,18.804712542152014,2417,26.632112089368547,50.695825049701796,503,255
14,18,10,3.0,0.08,6.149970382774916,-0.5464446036745253,19.420051831112826,2261,28.626810565180346,51.88866799204771,503,261
14,18,10,3.0,0.1,6.442084231762211,0.06791948475393118,19.650062025529824,2216,29.358136892928144,52.683896620278325,503,265
14,18,10,3.0,0.15,7.088665787000874,0.05908018072110099,19.85005695003847,2173,30.021300766827604,53.08151093439364,503,267
14,18,10,3.5,0.05,7.047849284553839,0.055270693751049094,19.226845626311157,2222,23.734734450440214,51.491053677932406,503,259
14,18,10,3.5,0.08,7.283963369377175,-0.38651596864100135,19.949092250402387,2022,25.857237527217645,52.286282306163024,503,263
14,18,10,3.5,0.1,7.7113033989217055,0.42583831687451074,20.19524083867939,1966,26.720155258922652,52.88270377733598,503,266
14,18,10,3.5,0.15,8.200974359894632,-0.16412882489208103,20.5971640970766,1910,27.531951150241408,53.08151093439364,503,267
14,18,10,4.0,0.05,7.809359578521535,-0.12826716690572323,19.48108436479321,2074,22.184275300577486,52.88270377733598,503,266
14,18,10,4.0,0.08,8.051405516588696,-0.5011538863759749,20.21128025371172,1851,24.396951623591782,53.87673956262425,503,271
14,18,10,4.0,0.1,8.682603945477691,0.4234293264743345,20.450173658507293,1778,25.40424121935056,55.069582504970185,503,277
14,18,10,4.0,0.15,9.174757371949392,0.3221225768295724,20.906050644134694,1712,26.249171636845592,56.063618290258454,503,282
14,18,14,3.0,0.05,6.03291063311632,-0.39641225188053103,18.901846675626796,2399,26.47117296222664,50.695825049701796,503,255
14,18,14,3.0,0.08,6.3863542468553005,-0.6776549800962535,19.522494084137023,2236,28.505632869449965,51.689860834990064,503,260
14,18,14,3.0,0.1,6.569824729573141,0.10086988576063485,19.77516333755252,2196,29.078860172299535,52.683896620278325,503,265
14,18,14,3.0,0.15,7.288569970752802,0.007563055580923308,19.960088029574592,2151,29.782258827984474,52.88270377733598,503,266
14,18,14,3.5,0.05,6.844762538385965,0.11456845608054225,19.229036743693765,2217,23.774022531477797,51.88866799204771,503,261
14,18,14,3.5,0.08,7.0506807172440285,-0.3856665144590644,19.959493556987425,2015,25.86197103095711,51.88866799204771,503,261
14,18,14,3.5,0.1,7.557063124887688,-0.132490051991713,20.15238729285889,1953,26.840859604279085,53.08151093439364,503,267
14,18,14,3.5,0.15,8.117775368534542,-0.08325225327145311,20.580372545122888,1894,27.728864905803277,52.683896620278325,503,265
14,18,14,4.0,0.05,7.272845594364966,0.08777548250322896,19.549264585822502,2079,21.841096279466058,53.08151093439364,503,267
14,18,14,4.0,0.08,7.635725194264982,-0.27663694165329855,20.215614983812245,1843,24.17826375082836,53.677932405566594,503,270
14,18,14,4.0,0.1,8.083188555147473,-1.9903704926485146,20.472351252274652,1769,25.225314777998673,55.069582504970185,503,277
14,18,14,4.0,0.15,8.70374522021966,-2.1022872683519656,20.930228240118343,1703,25.9741550695825,57.057654075546715,503,287
14,26,10,3.0,0.05,8.042999284400185,0.10465682162016578,16.137415919418103,1840,28.46255798542081,52.683896620278325,503,265
14,26,10,3.0,0.08,9.098254114374377,-0.06274082387000703,16.689238852524866,1754,30.57985420808482,53.47912524850894,503,269
14,26,10,3.0,0.1,9.150393257414487,0.10526128920657309,16.80920446262543,1743,30.987408880053014,53.677932405566594,503,270
14,26,10,3.0,0.15,9.74656940501959,0.280610440790444,16.848246088042455,1726,31.481113320079523,55.069582504970185,503,277
14,26,10,3.5,0.05,9.960398711749084,-0.22475207079640308,16.618700996710338,1704,26.385023194168323,54.07554671968191,503,272
14,26,10,3.5,0.08,11.426314629350385,-0.13493463394925184,17.259212301625745,1584,28.439363817097416,55.069582504970185,503,277
14,26,10,3.5,0.1,11.442573139340531,-0.13057715601596812,17.46538795639504,1564,29.27766732935719,55.46719681908549,503,279
14,26,10,3.5,0.15,12.107190381080645,0.040694334136022546,17.569644385746944,1537,29.787939032471833,56.2624254473161,503,283
14,26,10,4.0,0.05,11.260402634091216,0.9929712315812531,16.789662872584145,1609,24.73823724320742,54.27435387673957,503,273
14,26,10,4.0,0.08,12.668387399353772,1.2381138901803543,17.507610042318603,1464,27.14049039098741,54.47316103379721,503,274
14,26,10,4.0,0.1,12.743747260999992,1.326641657499449,17.71570357361267,1429,27.962226640159045,56.2624254473161,503,283
14,26,10,4.0,0.15,13.645452521739251,0.7394958634196365,17.833995273274844,1390,28.681245858184226,56.85884691848907,503,286
14,26,14,3.0,0.05,8.093189103109843,0.05264422815927874,16.238586180000667,1825,28.51557322730285,53.28031809145129,503,268
14,26,14,3.0,0.08,9.14636897482462,0.8013809513615413,16.791414378745028,1734,30.63286944996686,53.677932405566594,503,270
14,26,14,3.0,0.1,9.201579674843254,1.0357174382690628,16.952836984196004,1721,31.040424121935054,54.07554671968191,503,272
14,26,14,3.0,0.15,9.79590470673431,1.0565056670777593,17.000854341288964,1704,31.46785950960901,55.069582504970185,503,277
14,26,14,3.5,0.05,9.668119890924203,-0.2780739522018685,16.584620820927835,1696,26.71305500331345,53.87673956262425,503,271
14,26,14,3.5,0.08,11.130064912687962,-0.07836509441187338,17.24207700504554,1575,28.734261100066266,55.069582504970185,503,277
14,26,14,3.5,0.1,11.208843775783256,-0.010674574378851725,17.440736181031163,1553,29.65540092776673,55.26838966202783,503,278
14,26,14,3.5,0.15,11.885596521477913,0.009569146399770414,17.546157637200228,1526,30.16235917826375,56.461232604373755,503,284
14,26,14,4.0,0.05,10.469790511605984,0.6136162010337408,16.879714016474995,1609,24.827700463883364,54.27435387673957,503,273
14,26,14,4.0,0.08,12.200946181457546,0.04188586328638311,17.53231125503252,1455,27.362491716368453,54.47316103379721,503,274
14,26,14,4.0,0.1,12.228357093244647,0.16476920047168714,17.802622606816517,1420,28.263750828363154,55.666003976143145,503,280
14,26,14,4.0,0.15,13.065229298130342,0.3028643802726916,17.936719675482628,1384,29.039098740888004,56.66003976143141,503,285
14,50,10,3.0,0.05,5.756013029387934,-1.2703969773855206,11.502854956195922,1131,32.85950960901259,53.47912524850894,503,269
14,50,10,3.0,0.08,6.5879373608431235,-0.9336078959270148,12.140128933099932,1106,35.35453943008615,57.25646123260437,503,288
14,50,10,3.0,0.1,6.725104292500915,-0.9070102116852438,12.224664284741113,1100,35.91782637508284,57.85288270377733,503,291
14,50,10,3.0,0.15,6.918722283250163,-0.8727342973850536,12.265795635851624,1096,36.41484426772698,58.4493041749503,503,294
14,50,10,3.5,0.05,7.268966566578999,2.464857520555891,12.241336148537941,1097,30.043074884029156,53.87673956262425,503,271
14,50,10,3.5,0.08,8.489502295078767,1.8550069072550037,13.01339356641037,1055,32.620941020543405,57.85288270377733,503,291
14,50,10,3.5,0.1,8.6708709727056,1.8995756546359386,13.117350285621848,1045,33.134526176275685,58.4493041749503,503,294
14,50,10,3.5,0.15,9.066988693042344,1.9406799393691327,13.164939142326524,1035,33.89662027833002,59.84095427435388,503,301
14,50,10,4.0,0.05,8.501178509389737,1.6405228270734913,12.684352900287957,1067,27.657388999337307,54.27435387673957,503,273
14,50,10,4.0,0.08,9.780176881784296,1.871638216649156,13.622649669883858,1009,30.36779324055666,59.443339960238575,503,299
14,50,10,4.0,0.1,9.988746577101999,1.8983445433910224,13.772948871340603,992,30.881378396288934,59.443339960238575,503,299
14,50,10,4.0,0.15,10.565968403550308,1.9262885879500324,13.896172717795826,980,31.544068919814446,61.0337972166998,503,307
14,50,14,3.0,0.05,5.992170099317528,-0.8201364999522979,11.501855832403681,1127,33.40622929092114,54.07554671968191,503,272
14,50,14,3.0,0.08,6.802251191895705,-0.48807623185002236,12.151606723504706,1097,36.58051689860835,57.85288270377733,503,291
14,50,14,3.0,0.1,6.9933691335978025,-0.41428845502891587,12.21387306711973,1090,37.193505632869446,58.64811133200796,503,295
14,50,14,3.0,0.15,7.268259711604261,-0.34998670353580486,12.249859207567436,1086,37.78992710404241,59.24453280318092,503,298
14,50,14,3.5,0.05,7.048466790443343,2.32841895115242,12.241251450965779,1093,30.291583830351225,54.87077534791253,503,276
14,50,14,3.5,0.08,8.14993881616345,1.6374722421934116,13.039150075210344,1049,33.035122597746856,59.443339960238575,503,299
14,50,14,3.5,0.1,8.316569081186097,1.6869471418827815,13.163863151831737,1039,33.482438701126576,59.84095427435388,503,301
14,50,14,3.5,0.15,8.722148074177396,1.7184287780264669,13.205675974804967,1029,34.24453280318092,61.23260437375746,503,308
14,50,14,4.0,0.05,7.799997388237199,1.5515876251443876,12.705471557014214,1067,27.72365805168986,53.677932405566594,503,270
14,50,14,4.0,0.08,9.067324739056295,1.9268316937780532,13.67040279813876,1008,30.268389662027833,58.8469184890656,503,296
14,50,14,4.0,0.1,9.350850426363824,1.9534820282086185,13.808700519507566,988,30.96421471172962,59.24453280318092,503,298
14,50,14,4.0,0.15,9.623680894993573,1.9728339927953062,13.938879806433814,977,31.82571239231279,60.63618290258449,503,305
14,70,10,3.0,0.05,5.314976011910309,-1.118684876429979,9.427917599442928,863,36.155378486055774,54.18326693227091,502,272
14,70,10,3.0,0.08,5.854250705989679,-1.3254956879387854,9.958488215501134,854,38.645418326693225,55.97609561752988,502,281
14,70,10,3.0,0.1,5.978949738249037,-1.2381653918296311,9.994975502096075,852,39.06042496679947,56.17529880478087,502,282
14,70,10,3.0,0.15,5.915284817643046,-1.256118001177823,10.09318800246018,850,39.06042496679947,55.97609561752988,502,281
14,70,10,3.5,0.05,6.386906894563515,-1.839055314541396,10.139455165101078,848,33.21713147410359,54.38247011952191,502,273
14,70,10,3.5,0.08,7.446645705796117,-1.0120352234924554,10.84466326282653,836,35.275564409030544,57.37051792828686,502,288
14,70,10,3.5,0.1,7.6611903580914795,-0.23917938239268577,10.934500814457742,833,35.97277556440903,57.56972111553785,502,289
14,70,10,3.5,0.15,8.278144073887704,-0.26301625724722305,11.129012657876675,829,36.27158034528552,57.37051792828686,502,288
14,70,10,4.0,0.05,7.347930266550931,-0.1161479581401028,10.714806987953056,835,30.0796812749004,54.980079681274894,502,276
14,70,10,4.0,0.08,8.434820675445115,0.11741695278771153,11.561128055861902,814,32.83532536520584,58.366533864541836,502,293
14,70,10,4.0,0.1,8.943761023797226,0.04712204215001932,11.679059609841797,806,33.399734395750336,59.561752988047814,502,299
14,70,10,4.0,0.15,9.575199231749767,-0.4899127006881342,11.907465265186106,800,33.69853917662683,59.561752988047814,502,299
14,70,14,3.0,0.05,5.416243764522158,-1.6224842915588145,9.445856267787189,861,36.75298804780876,54.980079681274894,502,276
14,70,14,3.0,0.08,6.12626451796046,-1.718704205499352,10.001995804319101,853,39.44223107569721,56.97211155378486,502,286
14,70,14,3.0,0.1,6.282385815063357,-1.630021589939584,10.052873992778833,851,39.95683930942895,57.171314741035864,502,287
14,70,14,3.0,0.15,6.185945316877163,-1.6506055926552266,10.20386527268019,849,39.95683930942895,56.97211155378486,502,286
14,70,14,3.5,0.05,6.265051531016299,-1.8728509142574503,10.105561197518998,844,33.58233731739708,54.7808764940239,502,275
14,70,14,3.5,0.08,7.196878053991992,-0.7930657162948437,10.832750925563907,830,35.93957503320053,57.37051792828686,502,288
14,70,14,3.5,0.1,7.429416360799799,-0.32657584446012367,10.91991440037631,826,36.570385126162016,57.76892430278885,502,290
14,70,14,3.5,0.15,8.041659469354764,-0.3514804777063761,11.11920468033012,822,36.86918990703851,57.56972111553785,502,289
14,70,14,4.0,0.05,6.625699203469656,-0.13118324855600827,10.74146740536614,834,31.07569721115538,55.17928286852589,502,277
14,70,14,4.0,0.08,7.68010015821561,0.09222543544333567,11.605048137583687,813,33.63213811420982,58.366533864541836,502,293
14,70,14,4.0,0.1,8.180288746713789,0.07770828268040021,11.72768826509381,804,34.09694555112882,59.561752988047814,502,299
14,70,14,4.0,0.15,8.798699091179119,-0.45819810469819744,11.960634068048314,797,34.32934926958831,59.561752988047814,502,299
14,100,10,3.0,0.05,1.589391527104432,-0.42703448384251813,5.460206213013873,499,18.326693227091635,34.66135458167331,502,174
14,100,10,3.0,0.08,1.9309815450045509,-0.44579508337718915,5.769988474540749,492,19.12350597609562,36.65338645418327,502,184
14,100,10,3.0,0.1,2.165527023930282,-0.40576582641498615,5.801710081428071,487,19.654714475431607,37.45019920318725,502,188
14,100,10,3.0,0.15,2.184723584754709,-0.4147683857383237,5.827372601809906,487,19.8539176626826,37.64940239043825,502,189
14,100,10,3.5,0.05,2.038163884852252,-0.5447556855981708,5.890888863218818,496,15.006640106241699,34.462151394422314,502,173
14,100,10,3.5,0.08,2.5131693058274758,-0.5395108216968513,6.282109897171552,486,15.969455511288182,37.05179282868526,502,186
14,100,10,3.5,0.1,2.924052083793214,-0.4808337030996409,6.330999184545415,480,15.903054448871181,37.25099601593625,502,187
14,100,10,3.5,0.15,2.971728007710336,-0.5538207004406255,6.373082826240722,480,16.201859229747676,37.45019920318725,502,188
14,100,10,4.0,0.05,2.7009499649310347,-0.6345882502745578,6.099623405661371,491,12.848605577689243,35.0597609561753,502,176
14,100,10,4.0,0.08,3.3665943509477345,-0.4336626090015567,6.585258988838969,475,13.811420982735724,38.44621513944223,502,193
14,100,10,4.0,0.1,3.8419939932932543,-0.4054088948055904,6.634620019802104,467,13.811420982735724,39.04382470119522,502,196
14,100,10,4.0,0.15,3.898772420612213,-0.4735433934611826,6.703665908026124,466,13.911022576361221,39.44223107569721,502,198
14,100,14,3.0,0.05,1.557849837516031,-0.45731584299201256,5.484734637965647,499,18.725099601593627,34.8605577689243,502,175
14,100,14,3.0,0.08,1.897608281771263,-0.4622375545929732,5.792991716752717,492,19.52191235059761,36.852589641434264,502,185
14,100,14,3.0,0.1,2.138417356272112,-0.4223241939487479,5.820248407373895,487,20.0531208499336,37.64940239043825,502,189
14,100,14,3.0,0.15,2.1576139170965387,-0.4313267532720854,5.84591092775573,487,20.252324037184593,37.84860557768924,502,190
14,100,14,3.5,0.05,1.9929469042556567,-0.5563395970455407,5.886000803049907,494,15.703851261620185,34.462151394422314,502,173
14,100,14,3.5,0.08,2.497010118872078,-0.5428764886163832,6.250973267343275,481,16.666666666666664,37.25099601593625,502,187
14,100,14,3.5,0.1,2.9072239408509795,-0.4839597831704399,6.300241714479474,475,16.600265604249667,37.45019920318725,502,188
14,100,14,3.5,0.15,2.9592562839580427,-0.5570022790600362,6.337899934033557,475,16.899070385126162,37.64940239043825,502,189
14,100,14,4.0,0.05,2.2042860118956478,-0.6804009591906209,6.087130970688964,491,13.54581673306773,34.8605577689243,502,175
14,100,14,4.0,0.08,2.857518759459704,-0.5006036847457059,6.596167499781746,475,14.409030544488711,38.24701195219124,502,192
14,100,14,4.0,0.1,3.325675915058373,-0.45605244493698566,6.643205531170606,467,14.409030544488711,38.84462151394422,502,195
14,100,14,4.0,0.15,3.367915880431333,-0.5347008430171981,6.715127132948659,466,14.409030544488711,39.243027888446214,502,197
20,15,10,3.0,0.05,9.333193475634662,0.3136235657674879,17.88813226950826,2264,26.808040645018774,55.46719681908549,503,279
20,15,10,3.0,0.08,9.65839452510226,0.2500322770144896,18.746928609389887,2137,28.76573889993373,56.85884691848907,503,286
20,15,10,3.0,0.1,9.445862502886573,0.14576933962781927,19.171000411209725,2118,28.977326517087945,57.057654075546715,503,287
20,15,10,3.0,0.15,9.357884860096744,0.22098197384753826,19.35844515405003,2100,29.234829120515005,57.45526838966203,503,289
20,15,10,3.5,0.05,12.72165945085465,1.1171936974418142,18.184113597343618,2012,24.478131212723657,55.069582504970185,503,277
20,15,10,3.5,0.08,12.523441719652096,0.46469186936416074,19.12215606228427,1865,26.274495881851745,56.66003976143141,503,285
20,15,10,3.5,0.1,12.002611521286763,0.33534132969249264,19.697531757732236,1838,26.492710404241215,55.26838966202783,503,278
20,15,10,3.5,0.15,12.200462312509964,0.41087586082295724,19.940977644921247,1813,26.92677269715043,55.666003976143145,503,280
20,15,10,4.0,0.05,13.713337656502631,0.7788451203902548,18.170734403216496,1847,22.18214522389473,57.25646123260437,503,288
20,15,10,4.0,0.08,13.05274703993157,0.5526564656170466,19.29836824510481,1672,24.102054340622928,59.443339960238575,503,299
20,15,10,4.0,0.1,12.081373337582278,0.6315514166364419,19.99538304945427,1645,24.297548045062953,58.05168986083499,503,292
20,15,10,4.0,0.15,11.920736311219974,0.38860016355385324,20.36215391789966,1607,24.678595096090124,59.24453280318092,503,298
20,15,14,3.0,0.05,9.338619353334455,0.6303621066347534,17.93259639897931,2252,26.939632048975984,55.069582504970185,503,277
20,15,14,3.0,0.08,9.817469177509121,-5.527739330860981,18.741623033003517,2121,28.887863296412,57.057654075546715,503,287
20,15,14,3.0,0.1,9.723418995193315,-5.531581380199584,19.174556284448972,2101,29.079570197860455,56.85884691848907,503,286
20,15,14,3.0,0.15,9.825194430642206,-6.268297493520797,19.315100087228654,2084,29.35032661175802,57.25646123260437,503,288
20,15,14,3.5,0.05,12.223895982795801,1.1683483206533225,18.139759549754316,2008,24.717173151566787,56.063618290258454,503,282
20,15,14,3.5,0.08,12.381412322828949,0.5252225462202741,19.090112280773173,1854,26.34739183943955,57.65407554671968,503,290
20,15,14,3.5,0.1,11.85964813049761,0.39244762879745393,19.65425496645666,1828,26.661696487740222,56.461232604373755,503,284
20,15,14,3.5,0.15,11.923551570547318,0.40410861847492113,19.959869853796175,1796,27.095758780649437,57.45526838966203,503,289
20,15,14,4.0,0.05,12.787734697106078,0.7145082188042367,18.219138218332,1853,22.2223800056802,57.25646123260437,503,288
20,15,14,4.0,0.08,12.53121629198316,0.5186320205576647,19.27266389603376,1674,24.329262520117393,59.443339960238575,503,299
20,15,14,4.0,0.1,11.576415772454956,0.5184486881335525,19.960692813807857,1643,24.546056991385022,57.85288270377733,503,291
20,15,14,4.0,0.15,11.328381318032186,0.4766075637230977,20.38303346930835,1604,24.801192842942346,58.25049701789264,503,293
20,18,10,3.0,0.05,6.997657208125871,0.14005752008828967,19.239293417025742,2518,26.702246836441667,53.47912524850894,503,269
20,18,10,3.0,0.08,7.561239882367475,0.5741892095769853,19.57145483496927,2337,28.734024424879294,52.683896620278325,503,265
20,18,10,3.0,0.1,7.095749923887987,0.833250403278922,19.983918518406096,2316,28.983953422323204,52.88270377733598,503,266
20,18,10,3.0,0.15,6.895232917989188,1.0359706233245372,20.303411526212756,2292,29.360266969610905,53.28031809145129,503,268
20,18,10,3.5,0.05,9.524097355557075,0.655515829723813,19.50423246373698,2231,24.002887437281075,54.67196819085487,503,275
20,18,10,3.5,0.08,9.789712962360044,0.8186547775346212,20.052240493063106,2039,25.99687588753195,53.87673956262425,503,271
20,18,10,3.5,0.1,9.028442466698744,0.5451995004385664,20.469714226257963,2005,26.33958155826943,54.07554671968191,503,272
20,18,10,3.5,0.15,8.826900610355784,0.6102260274489962,20.927591284866576,1968,26.8460664583925,53.677932405566594,503,270
20,18,10,4.0,0.05,10.274912696032377,1.2262086543527513,19.56093425089791,2034,21.89174476947837,56.063618290258454,503,282
20,18,10,4.0,0.08,10.195058837191766,1.1588043112290844,20.307088695479134,1833,24.024424879295655,56.461232604373755,503,284
20,18,10,4.0,0.1,9.3557586291098,0.9196264214359369,20.734691164751062,1786,24.118621603711066,56.063618290258454,503,282
20,18,10,4.0,0.15,9.103436819829799,0.7182524863448977,21.28855324869293,1739,24.705102717031146,55.666003976143145,503,280
20,18,14,3.0,0.05,6.894868125216035,0.2969541816813347,19.34823057199367,2501,26.815772034459904,53.87673956262425,503,271
20,18,14,3.0,0.08,7.495870088583361,0.7000047858475156,19.6694624007165,2324,28.656631638738993,52.48508946322068,503,264
20,18,14,3.0,0.1,7.068440767503036,1.9484096196121996,20.0516658826782,2303,28.981113320079523,52.88270377733598,503,266
20,18,14,3.0,0.15,6.970680646685682,0.4337528917446136,20.34225457838646,2274,29.42558932121556,53.08151093439364,503,267
20,18,14,3.5,0.05,9.330369437367283,1.2198512469576435,19.497944467549623,2221,24.372100728959573,55.46719681908549,503,279
20,18,14,3.5,0.08,9.634467073102316,1.3682355688636394,20.089814528581382,2028,26.436145034554578,54.47316103379721,503,274
20,18,14,3.5,0.1,9.04172472981548,1.0812384237806152,20.487882717993543,1995,26.803938275111236,54.87077534791253,503,276
20,18,14,3.5,0.15,8.85605196746545,1.1347094370850634,20.963638174976246,1955,27.311843226356146,54.67196819085487,503,275
20,18,14,4.0,0.05,10.11879557106355,1.3016511371886546,19.582209757404854,2026,22.574789359083592,55.46719681908549,503,279
20,18,14,4.0,0.08,10.04839089856382,1.1980300189105577,20.31329713154534,1823,24.805452996307867,56.063618290258454,503,282
20,18,14,4.0,0.1,9.27399393295139,0.24523582721544668,20.722713446689088,1778,24.932784246899555,56.063618290258454,503,282
20,18,14,4.0,0.15,9.041464761890815,0.16163530510107832,21.207652114108154,1726,25.513585155732272,55.46719681908549,503,279
20,26,10,3.0,0.05,9.303396958294629,-0.23429933269207395,16.092263440127965,1846,30.271703114645458,54.27435387673957,503,273
20,26,10,3.0,0.08,10.001215092370904,-0.24874177762112057,16.658605754149765,1742,31.968190854870773,55.26838966202783,503,278
20,26,10,3.0,0.1,9.579251403863204,-0.44152976168832825,16.884558628826593,1728,32.087475149105366,54.47316103379721,503,274
20,26,10,3.0,0.15,10.029471270841821,-0.10127416113801585,16.956249555018523,1710,32.4519549370444,54.47316103379721,503,274
20,26,10,3.5,0.05,10.627668720978082,-0.41180614901466694,16.68478949863915,1699,27.365805168986082,54.67196819085487,503,275
20,26,10,3.5,0.08,11.31332510845293,2.3869794494052328,17.389290891526734,1579,29.19151756129887,56.461232604373755,503,284
20,26,10,3.5,0.1,10.9418849868634,3.132198135848464,17.643358624052848,1557,29.459907223326702,56.461232604373755,503,284
20,26,10,3.5,0.15,11.653789871324843,3.2251091092721316,17.688013712073968,1529,29.821073558648113,56.66003976143141,503,285
20,26,10,4.0,0.05,12.161609282330799,0.21745679325278258,16.895667204121082,1603,25.785288270377734,55.666003976143145,503,280
20,26,10,4.0,0.08,12.662002516205604,-0.020794033039305902,17.773824058487627,1458,27.634194831013918,58.25049701789264,503,293
20,26,10,4.0,0.1,12.381052061175948,0.05376071643627877,18.105311280784722,1425,27.859509609012587,57.85288270377733,503,291
20,26,10,4.0,0.15,13.11672165419229,0.8953047769118809,18.166276335820648,1392,28.263750828363154,58.25049701789264,503,293
20,26,14,3.0,0.05,9.317816407144827,-0.23047530237730846,16.190601308774518,1830,30.164252579759534,53.87673956262425,503,271
20,26,14,3.0,0.08,10.060056649804888,-0.19956767471696588,16.799760280211792,1725,32.12250307677743,54.87077534791253,503,276
20,26,14,3.0,0.1,9.730435914347208,-0.09597790852735064,17.029289591130464,1709,32.33125059168796,54.47316103379721,503,274
20,26,14,3.0,0.15,10.247160521531704,0.018245790735180258,17.09410027076124,1689,32.639401685127325,54.67196819085487,503,275
20,26,14,3.5,0.05,10.483775871017315,-4.310464204223997,16.630636659080874,1690,27.773359840954274,55.46719681908549,503,279
20,26,14,3.5,0.08,11.211336822109054,-4.03855790645522,17.333906167774774,1565,29.758117958913186,57.057654075546715,503,287
20,26,14,3.5,0.1,10.801549500482215,-3.5938321323821567,17.612262979334197,1543,29.993373094764742,57.057654075546715,503,287
20,26,14,3.5,0.15,11.577189964192238,-3.4930928231658753,17.65879404725608,1514,30.387673956262425,57.45526838966203,503,289
20,26,14,4.0,0.05,11.396695210881006,0.1328157685530047,16.96031432516704,1604,26.15639496355202,55.46719681908549,503,279
20,26,14,4.0,0.08,12.11226607777,0.08489921579846119,17.758480879073087,1453,28.14446653412856,58.25049701789264,503,293
20,26,14,4.0,0.1,11.849507860660061,0.08275038809870355,18.07633609059111,1416,28.296885354539427,57.85288270377733,503,291
20,26,14,4.0,0.15,12.511721232389593,0.9240599310366848,18.167887353043305,1385,28.654738237243205,57.85288270377733,503,291
20,50,10,3.0,0.05,5.3477318915349,0.9015582789077333,11.04754115011191,1051,32.84956925115971,51.88866799204771,503,261
20,50,10,3.0,0.08,6.591472232645455,1.0619739501666463,11.447437347653382,1035,35.5765407554672,56.2624254473161,503,283
20,50,10,3.0,0.1,7.027950020142786,1.0918382714134904,11.568894789611615,1028,36.16633532140491,57.057654075546715,503,287
20,50,10,3.0,0.15,7.139291660908189,1.1117080471953995,11.61999251045452,1024,36.447978793903246,57.65407554671968,503,290
20,50,10,3.5,0.05,6.930817998552446,0.5278969714385008,11.727932253100048,1027,30.43074884029158,53.87673956262425,503,271
20,50,10,3.5,0.08,8.549549133257772,0.8970569901979424,12.37317861213479,1003,33.77070907886017,57.65407554671968,503,290
20,50,10,3.5,0.1,8.968906498169293,0.9468860417901638,12.556181853650934,995,34.44333996023857,58.25049701789264,503,293
20,50,10,3.5,0.15,9.092205747656589,0.9475654036334394,12.670577671903677,990,34.84095427435388,59.24453280318092,503,298
20,50,10,4.0,0.05,8.133564446735319,0.72109491675848,12.143084270625696,1004,27.29953611663353,54.47316103379721,503,274
20,50,10,4.0,0.08,9.859724770053111,-0.9293271524261483,12.964485683568409,971,30.63949635520212,59.04572564612326,503,297
20,50,10,4.0,0.1,10.352853546768813,-0.8337136148095748,13.165313920860891,957,31.36182902584493,59.64214711729622,503,300
20,50,10,4.0,0.15,10.984603234787878,-0.8009419576607893,13.305796149691737,944,31.726308813783962,61.23260437375746,503,308
20,50,14,3.0,0.05,5.523685571290044,0.6425557175948194,11.046851582909463,1045,33.21404903909875,52.48508946322068,503,264
20,50,14,3.0,0.08,6.8324474312455425,0.8515656443261908,11.484493723700098,1027,36.27236580516899,56.85884691848907,503,286
20,50,14,3.0,0.1,7.246895042640164,0.88166406032938,11.620487038771058,1021,36.82902584493042,57.45526838966203,503,289
20,50,14,3.0,0.15,7.365670153148769,0.9019739090028575,11.703783722917278,1017,37.110669317428766,58.05168986083499,503,292
20,50,14,3.5,0.05,6.629294471209022,0.6593107473352136,11.742035864751871,1026,30.92776673293572,54.07554671968191,503,272
20,50,14,3.5,0.08,8.246391209174815,-0.8200570062213,12.403063173359731,1001,34.26772697150431,57.85288270377733,503,291
20,50,14,3.5,0.1,8.692610371612282,-0.7670051692987795,12.602043242278137,992,35.05632869449967,58.4493041749503,503,294
20,50,14,3.5,0.15,8.829929529387835,-0.7671096379181209,12.702747256940697,987,35.45394300861498,59.443339960238575,503,299
20,50,14,4.0,0.05,7.363608290317153,0.6820510115616182,12.198379141046862,1004,27.498343273691184,54.27435387673957,503,273
20,50,14,4.0,0.08,9.070093015952654,0.8587156929382633,13.055823983857087,967,30.9377070907886,58.64811133200796,503,295
20,50,14,4.0,0.1,9.548736401583222,0.957749866758833,13.264759830845543,953,31.660039761431413,59.24453280318092,503,298
20,50,14,4.0,0.15,9.88875874122476,0.9843877452432646,13.402020688739283,940,32.2233267064281,60.834990059642145,503,306
20,70,10,3.0,0.05,5.1312234423418355,-2395.898814406263,9.039489773441632,812,36.570385126162016,53.18725099601593,502,267
20,70,10,3.0,0.08,5.583333253364492,-2394.0610155880113,9.559170201447943,802,39.02722443559097,56.17529880478087,502,282
20,70,10,3.0,0.1,5.675173689719704,-2393.845715889482,9.698043115671483,800,39.19322709163347,55.97609561752988,502,281
20,70,10,3.0,0.15,5.680563969736541,-2394.073831959454,9.730327462455364,799,39.22642762284197,55.97609561752988,502,281
20,70,10,3.5,0.05,6.404998138410297,-1.8269863502226484,9.832285414463406,804,34.09694555112882,54.980079681274894,502,276
20,70,10,3.5,0.08,7.115002212973647,0.004269259759962622,10.475847972588038,792,36.90239043824701,58.16733067729084,502,292
20,70,10,3.5,0.1,7.343194716705083,0.11125435504983912,10.662805893987922,787,37.300796812749006,58.76494023904383,502,295
20,70,10,3.5,0.15,8.079426332609872,0.1368189248951465,10.735272535965635,785,37.632802124834,58.964143426294825,502,296
20,70,10,4.0,0.05,7.119793749276499,-1.916970702018789,10.396279022377131,796,31.98871181938911,55.17928286852589,502,277
20,70,10,4.0,0.08,7.916801970097338,-0.36485846568805463,11.215737087309908,779,34.9601593625498,58.366533864541836,502,293
20,70,10,4.0,0.1,8.259519779879541,-0.16130567577327215,11.422633096893353,772,35.35856573705179,59.36254980079681,502,298
20,70,10,4.0,0.15,8.965615956768847,-0.1261490444566293,11.536800422842063,770,35.690571049136786,59.76095617529881,502,300
20,70,14,3.0,0.05,5.30004464748983,-2395.747314944043,9.061937580357046,811,37.167994687915005,53.78486055776892,502,270
20,70,14,3.0,0.08,5.835487795136669,-2393.924347103892,9.582878047016143,801,39.724435590969456,56.573705179282875,502,284
20,70,14,3.0,0.1,5.891460173364826,-2393.7084979923106,9.776848674987246,799,39.89043824701195,56.37450199203188,502,283
20,70,14,3.0,0.15,5.898587384672478,-2393.9365896231297,9.807556093353284,798,39.92363877822046,56.37450199203188,502,283
20,70,14,3.5,0.05,6.261695028340926,-1.7909370396744198,9.803657261140637,800,35.026560424966796,55.77689243027888,502,280
20,70,14,3.5,0.08,6.855990148621951,-0.002479586599552686,10.472858268239614,788,38.03120849933599,58.964143426294825,502,296
20,70,14,3.5,0.1,7.108160598047723,0.02087771452002086,10.65633467559768,782,38.62881806108898,59.76095617529881,502,300
20,70,14,3.5,0.15,7.8433501948401085,0.04657390647814119,10.729576392613406,780,38.960823373173966,59.9601593625498,502,301
20,70,14,4.0,0.05,6.738582212535604,-1.942778794722074,10.439849083399077,797,32.18791500664011,54.7808764940239,502,275
20,70,14,4.0,0.08,7.44421045490744,-0.15224813013977764,11.255698106304722,779,35.35856573705179,58.16733067729084,502,292
20,70,14,4.0,0.1,7.7410010855440605,0.023301118482691195,11.498007439778354,773,35.756972111553786,59.16334661354582,502,297
20,70,14,4.0,0.15,8.427279757590512,0.057902963335705264,11.621552573719029,771,36.08897742363878,59.36254980079681,502,298
20,100,10,3.0,0.05,1.888235868262277,-0.34655278114998384,5.0722912727932625,448,18.791500664010627,35.45816733067729,502,178
20,100,10,3.0,0.08,1.998106038331057,-1.8938690852609072,5.369562782642921,446,19.02390438247012,36.852589641434264,502,185
20,100,10,3.0,0.1,2.048604747763656,-1.8988856579622175,5.38396421760538,443,19.02390438247012,37.05179282868526,502,186
20,100,10,3.0,0.15,2.0534265587368488,-2.018451094285409,5.391662346794293,443,19.02390438247012,37.05179282868526,502,186
20,100,10,3.5,0.05,2.4105187997739383,-0.03605747109134989,5.53135051566095,445,15.305444887118194,34.66135458167331,502,174
20,100,10,3.5,0.08,2.630627985029891,-1.5027564855890199,5.87299576605726,442,16.002656042496678,36.852589641434264,502,185
20,100,10,3.5,0.1,2.701459084518221,-1.5121349622286697,5.9012148337964145,439,16.002656042496678,37.05179282868526,502,186
20,100,10,3.5,0.15,2.8447723382825103,-1.6163162300543126,5.909915423418824,439,16.268260292164676,37.45019920318725,502,188
20,100,10,4.0,0.05,2.904081523659966,0.12044883254201752,5.789821637063992,443,12.516600265604248,34.8605577689243,502,175
20,100,10,4.0,0.08,3.1969009093718146,-1.3092188515139722,6.211034729670482,439,13.711819389110225,37.84860557768924,502,190
20,100,10,4.0,0.1,3.2781736272719537,-1.3082311138140879,6.264061690813599,435,13.711819389110225,38.24701195219124,502,192
20,100,10,4.0,0.15,3.5128796748924294,-1.3954465296099856,6.287663990080592,434,13.977423638778221,39.04382470119522,502,196
20,100,14,3.0,0.05,1.8613559587647668,-0.3143340190541268,5.090189769874571,447,19.02390438247012,35.657370517928285,502,179
20,100,14,3.0,0.08,1.979203968979672,-1.8618135378137333,5.3809495833544725,445,19.256308100929612,37.05179282868526,502,186
20,100,14,3.0,0.1,2.027698705815415,-1.8669070424696697,5.397237685997741,442,19.256308100929612,37.25099601593625,502,187
20,100,14,3.0,0.15,2.0325205167886073,-1.9864724787928612,5.404935815186654,442,19.256308100929612,37.25099601593625,502,187
20,100,14,3.5,0.05,2.3295155590884367,-0.04004414229051348,5.528802126088356,444,15.604249667994686,34.66135458167331,502,174
20,100,14,3.5,0.08,2.5835447179145326,-1.5041041941558762,5.873436144441433,441,16.50066401062417,37.05179282868526,502,186
20,100,14,3.5,0.1,2.636471933551291,-1.5077951788449917,5.902596352497876,438,16.50066401062417,37.25099601593625,502,187
20,100,14,3.5,0.15,2.782797932401521,-1.6119759970840017,5.908872847566799,438,16.766268260292165,37.64940239043825,502,189
20,100,14,4.0,0.05,2.4769505301632133,-1.1147988537883065,5.792906693525545,443,12.915006640106242,34.8605577689243,502,175
20,100,14,4.0,0.08,2.807792110215934,-2.5372637943133274,6.229645102653508,439,14.110225763612217,37.64940239043825,502,189
20,100,14,4.0,0.1,2.888060822571411,-2.5359849460846298,6.290187704336517,435,14.110225763612217,38.047808764940235,502,191
20,100,14,4.0,0.15,3.0174939689410523,-2.634324922407264,6.325089744254212,434,14.375830013280213,38.645418326693225,502,194
