symbol,entry_date,exit_date,entry_alloc,exit_value,pnl,pnl_pct,entry_day_ret,still_open
EOG,2025-09-11,2025-09-12,3333.33,3352.34,19.01,0.57,0.000000,False
UNH,2025-09-11,2025-09-12,3333.33,3352.69,19.36,0.58,0.000000,False
MU,2025-09-11,2025-09-12,3333.33,3395.70,62.37,1.87,0.000000,False
ORCL,2025-09-11,2025-09-12,3333.33,3313.59,-19.74,-0.59,0.000000,False
INTC,2025-09-11,2025-09-15,3333.33,3299.17,-34.16,-1.02,0.000000,False
PGR,2025-09-11,2025-09-16,3333.33,3273.30,-60.04,-1.80,0.000000,False
LMT,2025-09-11,2025-09-16,3333.33,3351.08,17.75,0.53,0.000000,False
ASML,2025-09-11,2025-09-16,3333.33,3608.98,275.65,8.27,0.000000,False
KLAC,2025-09-11,2025-09-16,3333.33,3434.08,100.74,3.02,0.000000,False
INCY,2025-09-11,2025-09-16,3333.33,3228.82,-104.51,-3.14,0.000000,False
ORLY,2025-09-11,2025-09-17,3333.33,3267.39,-65.94,-1.98,0.000000,False
PCG,2025-09-11,2025-09-17,3333.33,3218.03,-115.30,-3.46,0.000000,False
PH,2025-09-11,2025-09-18,3333.33,3241.14,-92.19,-2.77,0.000000,False
QCOM,2025-09-11,2025-09-19,3333.33,3476.25,142.92,4.29,0.000000,False
CAT,2025-09-11,2025-09-19,3333.33,3599.93,266.59,8.00,0.000000,False
JPM,2025-09-11,2025-09-22,3333.33,3374.81,41.47,1.24,0.000000,False
PG,2025-09-11,2025-09-22,3333.33,3284.97,-48.36,-1.45,0.000000,False
WMT,2025-09-11,2025-09-22,3333.33,3327.43,-5.90,-0.18,0.000000,False
CVX,2025-09-11,2025-09-23,3333.33,3312.31,-21.03,-0.63,0.000000,False
SLB,2025-09-11,2025-09-23,3333.33,3147.01,-186.33,-5.59,0.000000,False
OXY,2025-09-11,2025-09-23,3333.33,3339.14,5.81,0.17,0.000000,False
PHM,2025-09-11,2025-09-23,3333.33,3146.37,-186.96,-5.61,0.000000,False
LLY,2025-09-11,2025-09-24,3333.33,3295.88,-37.46,-1.12,0.000000,False
BLK,2025-09-11,2025-09-25,3333.33,3303.51,-29.83,-0.89,0.000000,False
PNR,2025-09-11,2025-09-25,3333.33,3211.52,-121.82,-3.65,0.000000,False
XOM,2025-09-11,2025-10-01,3333.33,3344.43,11.10,0.33,0.000000,False
BKSY,2025-09-11,2025-10-03,3333.33,4564.20,1230.87,36.93,0.000000,False
CCO.TO,2025-09-11,2025-10-13,3333.33,3627.90,294.57,8.84,0.000000,False
COST,2025-09-12,2025-09-16,3333.33,3329.77,-3.56,-0.11,0.006830,False
FDX,2025-09-12,2025-09-16,3333.33,3353.12,19.79,0.59,0.008885,False
META,2025-09-12,2025-09-17,3333.33,3458.19,124.85,3.75,0.008220,False
JNJ,2025-09-12,2025-09-17,3333.33,3316.77,-16.56,-0.50,0.001739,False
AAPL,2025-09-15,2025-09-23,3333.33,3572.03,238.69,7.16,-0.001138,False
BBD-B.TO,2025-09-16,2025-09-18,3333.33,3445.69,112.36,3.37,-0.001537,False
PANW,2025-09-16,2025-09-18,3333.33,3378.80,45.47,1.36,-0.000704,False
AMAT,2025-09-16,2025-09-19,3333.33,3650.95,317.62,9.53,0.005605,False
PM,2025-09-16,2025-10-03,3333.33,3245.99,-87.34,-2.62,0.005113,False
PLD,2025-09-16,2025-10-06,3333.33,3416.15,82.82,2.48,0.001270,False
AMT,2025-09-16,2025-10-07,3333.33,3270.30,-63.03,-1.89,0.012596,False
COP,2025-09-17,2025-09-18,3333.33,3320.02,-13.32,-0.40,-0.001902,False
IYW,2025-09-17,2025-09-19,3333.33,3383.77,50.43,1.51,-0.003477,False
LMT,2025-09-17,2025-09-19,3333.33,3329.01,-4.32,-0.13,-0.003352,False
PGR,2025-09-17,2025-09-26,3333.33,3369.32,35.98,1.08,0.009423,False
PCG,2025-09-18,2025-09-22,3333.33,3253.71,-79.62,-2.39,-0.018512,False
COST,2025-09-18,2025-09-29,3333.33,3210.45,-122.88,-3.69,-0.004501,False
ADBE,2025-09-18,2025-10-01,3333.33,3175.73,-157.60,-4.73,0.001440,False
BBD-B.TO,2025-09-19,2025-09-22,3333.33,3401.41,68.08,2.04,0.017657,False
MU,2025-09-19,2025-09-22,3333.33,3362.08,28.75,0.86,-0.000106,False
AI,2025-09-19,2025-09-25,3333.33,3277.50,-55.83,-1.67,-0.006250,False
COP,2025-09-19,2025-09-25,3333.33,3378.69,45.35,1.36,-0.018044,False
SCHD,2025-09-19,2025-10-02,3333.33,3356.66,23.33,0.70,-0.005912,False
FDX,2025-09-19,2025-10-07,3333.33,3588.90,255.57,7.67,0.013649,False
AMAT,2025-09-22,2025-09-23,3333.33,3460.32,126.99,3.81,0.034732,False
QCOM,2025-09-22,2025-09-23,3333.33,3386.47,53.14,1.59,0.015404,False
CAT,2025-09-22,2025-09-23,3333.33,3371.11,37.78,1.13,0.009124,False
MSFT,2025-09-22,2025-09-24,3333.33,3303.86,-29.47,-0.88,-0.001934,False
JNJ,2025-09-22,2025-09-24,3333.33,3334.18,0.85,0.03,-0.009575,False
AVGO,2025-09-22,2025-10-06,3333.33,3277.02,-56.31,-1.69,-0.009446,False
IYW,2025-09-23,2025-09-24,3333.33,3314.46,-18.88,-0.57,-0.007792,False
BBD-B.TO,2025-09-23,2025-09-24,3333.33,3245.51,-87.83,-2.63,-0.029032,False
JPM,2025-09-23,2025-09-29,3333.33,3382.27,48.94,1.47,0.002578,False
PCG,2025-09-23,2025-09-30,3333.33,3385.59,52.25,1.57,-0.002460,False
NEE,2025-09-23,2025-10-02,3333.33,3604.00,270.67,8.12,0.002732,False
IR,2025-09-23,2025-10-10,3333.33,3214.20,-119.14,-3.57,-0.009568,False
AMAT,2025-09-24,2025-09-25,3333.33,3332.74,-0.60,-0.02,0.010565,False
QCOM,2025-09-24,2025-09-25,3333.33,3371.37,38.04,1.14,0.023774,False
CAT,2025-09-24,2025-09-25,3333.33,3283.17,-50.16,-1.50,-0.005481,False
AAPL,2025-09-24,2025-09-26,3333.33,3320.12,-13.21,-0.40,-0.010299,False
SLB,2025-09-24,2025-09-26,3333.33,3328.98,-4.35,-0.13,-0.005224,False
DUK,2025-09-24,2025-09-26,3333.33,3312.48,-20.85,-0.63,0.004656,False
IYW,2025-09-25,2025-09-26,3333.33,3359.09,25.76,0.77,0.006936,False
ASML,2025-09-25,2025-09-26,3333.33,3357.89,24.56,0.74,0.010400,False
MSFT,2025-09-25,2025-09-30,3333.33,3361.52,28.19,0.85,-0.002174,False
MU,2025-09-25,2025-10-01,3333.33,3484.45,151.12,4.53,-0.003092,False
JCI,2025-09-25,2025-10-14,3333.33,3315.64,-17.70,-0.53,0.001180,False
AMAT,2025-09-26,2025-09-29,3333.33,3427.96,94.62,2.84,0.017552,False
WMT,2025-09-26,2025-10-02,3333.33,3292.01,-41.32,-1.24,0.002427,False
UNH,2025-09-26,2025-10-06,3333.33,3445.21,111.88,3.36,-0.009864,False
QCOM,2025-09-26,2025-10-08,3333.33,3272.39,-60.95,-1.83,-0.002551,False
J,2025-09-26,2025-10-09,3333.33,3546.59,213.25,6.40,0.004618,False
ASML,2025-09-29,2025-09-30,3333.33,3346.40,13.07,0.39,-0.001019,False
PGR,2025-09-29,2025-10-01,3333.33,3349.46,16.13,0.48,-0.000440,False
AAPL,2025-09-29,2025-10-03,3333.33,3334.60,1.27,0.04,-0.000450,False
ORLY,2025-09-29,2025-10-03,3333.33,3292.10,-41.23,-1.24,0.011024,False
PCAR,2025-09-29,2025-10-03,3333.33,3296.46,-36.88,-1.11,-0.006691,False
AMAT,2025-09-30,2025-10-01,3333.33,3338.85,5.51,0.17,0.001654,False
IYW,2025-09-30,2025-10-02,3333.33,3392.00,58.67,1.76,0.004296,False
COST,2025-09-30,2025-10-10,3333.33,3420.93,87.59,2.63,0.008750,False
BBD-B.TO,2025-10-01,2025-10-02,3333.33,3411.13,77.80,2.33,0.014187,False
SLB,2025-10-01,2025-10-02,3333.33,3398.10,64.77,1.94,0.022844,False
ASML,2025-10-01,2025-10-02,3333.33,3554.98,221.64,6.65,0.034121,False
COP,2025-10-01,2025-10-06,3333.33,3349.52,16.18,0.49,0.011329,False
ROK,2025-10-01,2025-10-07,3333.33,3346.70,13.37,0.40,0.004434,False
JNJ,2025-10-02,2025-10-03,3333.33,3379.18,45.85,1.38,0.008578,False
MU,2025-10-02,2025-10-03,3333.33,3339.35,6.01,0.18,-0.005966,False
AMD,2025-10-02,2025-10-07,3333.33,4179.78,846.45,25.39,0.005775,False
PGR,2025-10-02,2025-10-14,3333.33,3235.04,-98.30,-2.95,-0.003467,False
XOM,2025-10-02,2025-10-14,3333.33,3301.06,-32.27,-0.97,-0.005441,False
DUK,2025-10-02,2025-10-30,3333.33,3406.71,73.38,2.20,0.000510,False
IYW,2025-10-03,2025-10-06,3333.33,3351.34,18.01,0.54,-0.004903,False
BBD-B.TO,2025-10-03,2025-10-06,3333.33,3358.82,25.49,0.76,0.001923,False
NEE,2025-10-03,2025-10-06,3333.33,3398.41,65.07,1.95,0.018488,False
ASML,2025-10-03,2025-10-06,3333.33,3360.07,26.73,0.80,0.001036,False
PNW,2025-10-03,2025-10-06,3333.33,3391.41,58.07,1.74,0.016811,False
WMT,2025-10-03,2025-10-07,3333.33,3360.25,26.92,0.81,0.005354,False
SLB,2025-10-03,2025-10-08,3333.33,3348.28,14.94,0.45,-0.002901,False
IP,2025-10-06,2025-10-07,3333.33,3420.39,87.06,2.61,0.021352,False
PHM,2025-10-06,2025-10-08,3333.33,3170.09,-163.25,-4.90,-0.014588,False
ORLY,2025-10-06,2025-10-09,3333.33,3223.42,-109.91,-3.30,-0.013718,False
ORCL,2025-10-06,2025-10-09,3333.33,3329.99,-3.34,-0.10,-0.002442,False
AAPL,2025-10-06,2025-10-13,3333.33,3234.07,-99.26,-2.98,-0.004496,False
PCAR,2025-10-06,2025-10-13,3333.33,3197.70,-135.63,-4.07,0.003284,False
PEG,2025-10-06,2025-10-14,3333.33,3297.20,-36.13,-1.08,-0.007227,False
IYW,2025-10-07,2025-10-08,3333.33,3298.42,-34.92,-1.05,-0.011875,False
LMT,2025-10-07,2025-10-08,3333.33,3339.14,5.81,0.17,-0.005192,False
BBD-B.TO,2025-10-07,2025-10-08,3333.33,3231.26,-102.07,-3.06,-0.032886,False
NVDA,2025-10-07,2025-10-08,3333.33,3338.77,5.44,0.16,-0.005712,False
UNH,2025-10-07,2025-10-08,3333.33,3395.47,62.14,1.86,0.010535,False
NEE,2025-10-07,2025-10-08,3333.33,3354.05,20.72,0.62,0.000872,False
ASML,2025-10-07,2025-10-08,3333.33,3151.07,-182.26,-5.47,-0.034158,False
MU,2025-10-07,2025-10-08,3333.33,3242.29,-91.04,-2.73,-0.042692,False
ADBE,2025-10-07,2025-10-16,3333.33,3176.06,-157.28,-4.72,-0.010782,False
AMD,2025-10-08,2025-10-09,3333.33,3662.31,328.98,9.87,0.095566,False
LLY,2025-10-08,2025-10-09,3333.33,3339.29,5.96,0.18,-0.004529,False
PFE,2025-10-08,2025-10-10,3333.33,3200.62,-132.71,-3.98,-0.025399,False
ROK,2025-10-08,2025-10-13,3333.33,3270.72,-62.61,-1.88,0.006270,False
FDX,2025-10-08,2025-10-13,3333.33,3198.24,-135.10,-4.05,0.006393,False
JBHT,2025-10-08,2025-10-13,3333.33,3285.98,-47.35,-1.42,0.041409,False
IQV,2025-10-08,2025-10-22,3333.33,3605.25,271.92,8.16,0.002640,False
AMAT,2025-10-08,2025-10-23,3333.33,3452.51,119.18,3.58,0.032004,False
IRM,2025-10-08,2025-10-29,3333.33,3292.02,-41.31,-1.24,0.000764,False
UNH,2025-10-09,2025-10-10,3333.33,3308.02,-25.31,-0.76,-0.011754,False
NEE,2025-10-09,2025-10-10,3333.33,3313.44,-19.89,-0.60,-0.007993,False
PM,2025-10-09,2025-10-10,3333.33,3373.74,40.41,1.21,0.009107,False
AVGO,2025-10-09,2025-10-13,3333.33,3392.72,59.39,1.78,-0.001853,False
PH,2025-10-09,2025-10-21,3333.33,3267.57,-65.76,-1.97,-0.019051,False
META,2025-10-09,2025-10-23,3333.33,3401.86,68.53,2.06,0.019069,False
PNW,2025-10-09,2025-10-27,3333.33,3317.78,-15.55,-0.47,-0.006901,False
QCOM,2025-10-10,2025-10-13,3333.33,3173.26,-160.08,-4.80,-0.060800,False
AMD,2025-10-10,2025-10-13,3333.33,3172.14,-161.19,-4.84,-0.068746,False
IYW,2025-10-10,2025-10-14,3333.33,3236.87,-96.46,-2.89,-0.036976,False
WMT,2025-10-10,2025-10-14,3333.33,3392.04,58.71,1.76,-0.001849,False
LLY,2025-10-10,2025-10-15,3333.33,3187.71,-145.63,-4.37,-0.023534,False
JPM,2025-10-10,2025-10-16,3333.33,3330.28,-3.05,-0.09,-0.014082,False
COST,2025-10-14,2025-10-15,3333.33,3350.72,17.39,0.52,0.005681,False
AAPL,2025-10-14,2025-10-15,3333.33,3367.67,34.34,1.03,0.004171,False
JNJ,2025-10-14,2025-10-15,3333.33,3310.64,-22.69,-0.68,-0.009785,False
CAT,2025-10-14,2025-10-15,3333.33,3527.21,193.88,5.82,0.046520,False
FDX,2025-10-14,2025-10-15,3333.33,3431.34,98.00,2.94,0.026182,False
AVGO,2025-10-14,2025-10-16,3333.33,3388.78,55.44,1.66,-0.014962,False
ROK,2025-10-14,2025-10-16,3333.33,3498.12,164.78,4.94,0.022877,False
QCOM,2025-10-14,2025-10-21,3333.33,3470.61,137.28,4.12,0.013398,False
MU,2025-10-14,2025-10-21,3333.33,3599.83,266.50,8.00,0.000461,False
CVX,2025-10-14,2025-10-22,3333.33,3429.15,95.81,2.87,0.015322,False
TSM,2025-10-14,2025-10-22,3333.33,3307.98,-25.35,-0.76,0.000897,False
NVDA,2025-10-14,2025-10-23,3333.33,3263.85,-69.48,-2.08,-0.022714,False
ORLY,2025-10-14,2025-10-24,3333.33,3226.83,-106.50,-3.20,-0.000784,False
OXY,2025-10-14,2025-10-28,3333.33,3337.57,4.24,0.13,0.007209,False
PEP,2025-10-14,2025-10-30,3333.33,3286.01,-47.32,-1.42,0.017217,False
PGR,2025-10-15,2025-10-16,3333.33,3316.36,-16.98,-0.51,0.001319,False
AMD,2025-10-15,2025-10-16,3333.33,3519.78,186.44,5.59,0.065447,False
ABBV,2025-10-15,2025-10-20,3333.33,3382.34,49.01,1.47,-0.003791,False
IP,2025-10-15,2025-10-21,3333.33,3402.60,69.27,2.08,0.003848,False
KO,2025-10-15,2025-10-22,3333.33,3514.75,181.41,5.44,-0.002528,False
CCO.TO,2025-10-16,2025-10-20,3333.33,3118.01,-215.33,-6.46,-0.029202,False
AAPL,2025-10-16,2025-10-20,3333.33,3423.19,89.86,2.70,-0.002823,False
PLTR,2025-10-16,2025-10-22,3333.33,3335.83,2.50,0.07,-0.018300,False
MA,2025-10-16,2025-10-22,3333.33,3377.27,43.93,1.32,-0.020641,False
PCG,2025-10-16,2025-10-30,3333.33,3137.00,-196.33,-5.89,-0.015130,False
KLAC,2025-10-16,2025-11-10,3333.33,3666.94,333.60,10.01,-0.001119,False
ROK,2025-10-20,2025-10-21,3333.33,3345.61,12.28,0.37,0.007567,False
XOM,2025-10-20,2025-10-22,3333.33,3371.91,38.57,1.16,0.005586,False
COST,2025-10-20,2025-10-23,3333.33,3361.30,27.97,0.84,-0.000072,False
ADBE,2025-10-21,2025-10-22,3333.33,3433.75,100.42,3.01,0.035370,False
LMT,2025-10-21,2025-10-23,3333.33,3364.95,31.62,0.95,0.011906,False
CCO.TO,2025-10-21,2025-10-24,3333.33,3452.11,118.78,3.56,-0.007753,False
PGR,2025-10-21,2025-10-29,3333.33,3201.58,-131.75,-3.95,0.006513,False
MSFT,2025-10-21,2025-10-29,3333.33,3488.61,155.27,4.66,0.000272,False
BKSY,2025-10-22,2025-10-23,3333.33,3047.04,-286.29,-8.59,-0.097339,False
JNJ,2025-10-22,2025-10-23,3333.33,3342.03,8.70,0.26,0.004381,False
PAYC,2025-10-22,2025-10-23,3333.33,3274.42,-58.92,-1.77,-0.016002,False
GOOG,2025-10-22,2025-10-24,3333.33,3360.03,26.70,0.80,-0.008674,False
GS,2025-10-22,2025-10-24,3333.33,3330.56,-2.77,-0.08,-0.017524,False
AMD,2025-10-22,2025-10-27,3333.33,3598.74,265.40,7.96,-0.025064,False
MU,2025-10-22,2025-10-27,3333.33,3666.98,333.65,10.01,-0.016771,False
CAT,2025-10-22,2025-10-30,3333.33,3620.52,287.19,8.62,-0.019524,False
PLTR,2025-10-23,2025-10-24,3333.33,3459.63,126.30,3.79,0.025659,False
XOM,2025-10-23,2025-10-24,3333.33,3326.06,-7.27,-0.22,-0.005065,False
LULU,2025-10-23,2025-10-28,3333.33,3380.83,47.50,1.42,0.002550,False
TSLA,2025-10-23,2025-10-30,3333.33,3540.33,207.00,6.21,0.057960,False
KO,2025-10-23,2025-10-30,3333.33,3233.32,-100.02,-3.00,-0.011061,False
UNH,2025-10-23,2025-10-31,3333.33,3241.87,-91.47,-2.74,0.011942,False
DE,2025-10-23,2025-10-31,3333.33,3320.77,-12.56,-0.38,0.007309,False
SLB,2025-10-23,2025-11-21,3333.33,3291.98,-41.35,-1.24,0.009305,False
SOFI,2025-10-24,2025-10-27,3333.33,3456.92,123.59,3.71,0.005297,False
EOG,2025-10-24,2025-10-27,3333.33,3307.91,-25.43,-0.76,-0.013432,False
AMZN,2025-10-24,2025-10-29,3333.33,3462.67,129.33,3.88,0.008960,False
AI,2025-10-24,2025-10-31,3333.33,3122.32,-211.01,-6.33,-0.022609,False
ABBV,2025-10-24,2025-11-03,3333.33,3175.61,-157.73,-4.73,-0.003089,False
AMAT,2025-10-24,2025-11-12,3333.33,3362.69,29.36,0.88,-0.000987,False
PLTR,2025-10-27,2025-10-28,3333.33,3341.52,8.18,0.25,0.001011,False
GOOG,2025-10-27,2025-10-28,3333.33,3387.72,54.38,1.63,0.015405,False
IYW,2025-10-27,2025-10-29,3333.33,3405.33,72.00,2.16,0.004883,False
V,2025-10-27,2025-10-29,3333.33,3307.44,-25.90,-0.78,-0.003056,False
SCHD,2025-10-27,2025-11-04,3333.33,3252.25,-81.09,-2.43,0.000666,False
AVGO,2025-10-28,2025-10-30,3333.33,3527.76,194.43,5.83,0.025387,False
NFLX,2025-10-28,2025-10-30,3333.33,3334.43,1.09,0.03,0.006970,False
XOM,2025-10-28,2025-11-03,3333.33,3307.89,-25.45,-0.76,-0.003547,False
LMT,2025-10-28,2025-11-04,3333.33,3321.66,-11.67,-0.35,-0.001100,False
ORCL,2025-10-29,2025-10-30,3333.33,3200.84,-132.49,-3.97,-0.019249,False
SOFI,2025-10-29,2025-10-31,3333.33,3162.19,-171.15,-5.13,-0.016925,False
MA,2025-10-29,2025-11-04,3333.33,3245.03,-88.30,-2.65,-0.011117,False
INCY,2025-10-29,2025-11-04,3333.33,3670.65,337.32,10.12,-0.012796,False
ROK,2025-10-29,2025-11-11,3333.33,3558.90,225.56,6.77,0.012050,False
OXY,2025-10-29,2025-11-13,3333.33,3433.45,100.11,3.00,-0.004858,False
JPM,2025-10-30,2025-10-31,3333.33,3360.03,26.70,0.80,0.010632,False
MU,2025-10-30,2025-10-31,3333.33,3355.05,21.71,0.65,-0.008251,False
IYW,2025-10-30,2025-11-03,3333.33,3340.63,7.29,0.22,-0.006985,False
UPS,2025-10-30,2025-11-03,3333.33,3312.71,-20.63,-0.62,-0.018657,False
PNR,2025-10-30,2025-11-03,3333.33,3292.04,-41.29,-1.24,-0.001829,False
ISRG,2025-10-30,2025-11-04,3333.33,3390.51,57.17,1.72,-0.006960,False
ADBE,2025-10-30,2025-11-05,3333.33,3285.51,-47.82,-1.43,0.002669,False
INTC,2025-10-30,2025-11-05,3333.33,3075.75,-257.59,-7.73,-0.017632,False
PLTR,2025-10-31,2025-11-03,3333.33,3423.15,89.82,2.69,0.005855,False
OTIS,2025-10-31,2025-11-03,3333.33,3351.46,18.13,0.54,0.009419,False
AVGO,2025-10-31,2025-11-04,3333.33,3180.75,-152.58,-4.58,-0.020025,False
FDX,2025-10-31,2025-11-06,3333.33,3429.11,95.78,2.87,0.020746,False
TSLA,2025-10-31,2025-11-10,3333.33,3286.21,-47.12,-1.41,0.019396,False
AMZN,2025-11-03,2025-11-04,3333.33,3272.61,-60.72,-1.82,-0.004975,False
AAPL,2025-11-03,2025-11-04,3333.33,3310.69,-22.64,-0.68,-0.004453,False
ASML,2025-11-03,2025-11-04,3333.33,3297.40,-35.94,-1.08,0.003134,False
PLD,2025-11-03,2025-11-04,3333.33,3353.93,20.59,0.62,0.007759,False
CVX,2025-11-03,2025-11-05,3333.33,3259.91,-73.42,-2.20,-0.019131,False
V,2025-11-03,2025-11-05,3333.33,3325.76,-7.57,-0.23,-0.010700,False
HON,2025-11-03,2025-11-11,3333.33,3261.37,-71.97,-2.16,-0.015848,False
BKSY,2025-11-04,2025-11-05,3333.33,3355.41,22.08,0.66,-0.034879,False
AI,2025-11-04,2025-11-05,3333.33,3215.97,-117.36,-3.52,-0.038362,False
NFLX,2025-11-04,2025-11-05,3333.33,3292.37,-40.96,-1.23,-0.005763,False
XOM,2025-11-04,2025-11-05,3333.33,3351.96,18.62,0.56,0.005981,False
GOOG,2025-11-04,2025-11-06,3333.33,3423.55,90.21,2.71,0.003106,False
NEE,2025-11-04,2025-11-06,3333.33,3345.78,12.44,0.37,-0.000988,False
GS,2025-11-04,2025-11-07,3333.33,3355.41,22.08,0.66,0.015269,False
JNJ,2025-11-04,2025-11-10,3333.33,3320.14,-13.20,-0.40,0.000143,False
BA,2025-11-04,2025-11-14,3333.33,3203.65,-129.68,-3.89,-0.016356,False
SPOT,2025-11-04,2025-11-18,3333.33,3375.57,42.23,1.27,0.006188,False
SOFI,2025-11-05,2025-11-06,3333.33,3395.24,61.90,1.86,0.016883,False
LLY,2025-11-05,2025-11-06,3333.33,3385.37,52.04,1.56,0.013601,False
PEG,2025-11-05,2025-11-06,3333.33,3261.34,-72.00,-2.16,-0.026447,False
PLTR,2025-11-05,2025-11-07,3333.33,3086.28,-247.05,-7.41,-0.005144,False
AMZN,2025-11-05,2025-11-10,3333.33,3325.21,-8.12,-0.24,0.004130,False
AMT,2025-11-05,2025-11-10,3333.33,3261.45,-71.89,-2.16,-0.005787,False
PGR,2025-11-05,2025-11-18,3333.33,3573.77,240.44,7.21,-0.002797,False
PLD,2025-11-05,2025-11-27,3333.33,3418.72,85.39,2.56,-0.005789,False
TTWO,2025-11-06,2025-11-07,3333.33,3087.63,-245.70,-7.37,-0.002415,False
XOM,2025-11-06,2025-11-07,3333.33,3374.80,41.47,1.24,0.006814,False
ADBE,2025-11-06,2025-11-11,3333.33,3302.95,-30.38,-0.91,-0.014712,False
MA,2025-11-06,2025-11-18,3333.33,3243.60,-89.73,-2.69,0.005021,False
NFLX,2025-11-06,2025-11-21,3333.33,3215.06,-118.27,-3.55,0.002000,False
ABBV,2025-11-06,2025-11-26,3333.33,3554.31,220.98,6.63,0.012930,False
INCY,2025-11-07,2025-11-10,3333.33,3386.88,53.55,1.61,0.004102,False
ISRG,2025-11-07,2025-11-10,3333.33,3425.32,91.98,2.76,0.027595,False
IRM,2025-11-07,2025-11-10,3333.33,3427.87,94.53,2.84,0.028360,False
UPS,2025-11-07,2025-11-27,3333.33,3459.47,126.14,3.78,0.024534,False
IONQ,2025-11-10,2025-11-11,3333.33,3134.21,-199.12,-5.97,-0.047576,False
AAPL,2025-11-10,2025-11-11,3333.33,3342.61,9.28,0.28,0.001539,False
CVX,2025-11-10,2025-11-11,3333.33,3359.07,25.73,0.77,0.001335,False
IQV,2025-11-10,2025-11-11,3333.33,3350.50,17.17,0.52,-0.000639,False
PNR,2025-11-10,2025-11-18,3333.33,3151.12,-182.22,-5.47,0.006844,False
INVH,2025-11-10,2025-11-19,3333.33,3295.80,-37.53,-1.13,0.004504,False
PCG,2025-11-10,2025-11-20,3333.33,3220.47,-112.87,-3.39,0.002731,False
LULU,2025-11-11,2025-11-12,3333.33,3357.72,24.39,0.73,-0.001986,False
TTWO,2025-11-11,2025-11-12,3333.33,3421.37,88.04,2.64,0.025089,False
LLY,2025-11-11,2025-11-12,3333.33,3413.42,80.09,2.40,0.019957,False
BLK,2025-11-11,2025-11-12,3333.33,3345.05,11.71,0.35,0.002984,False
SOFI,2025-11-11,2025-11-13,3333.33,3479.55,146.21,4.39,0.020824,False
TSLA,2025-11-11,2025-11-14,3333.33,2978.35,-354.99,-10.65,0.000441,False
AMZN,2025-11-11,2025-11-17,3333.33,3154.52,-178.81,-5.36,0.002442,False
PEP,2025-11-11,2025-11-26,3333.33,3396.45,63.11,1.89,0.011211,False
IONQ,2025-11-12,2025-11-13,3333.33,3041.00,-292.33,-8.77,-0.066763,False
ROK,2025-11-12,2025-11-13,3333.33,3303.58,-29.75,-0.89,0.002113,False
ADBE,2025-11-12,2025-11-13,3333.33,3345.60,12.26,0.37,0.009040,False
COP,2025-11-12,2025-11-13,3333.33,3340.24,6.91,0.21,-0.002565,False
NVDA,2025-11-12,2025-11-19,3333.33,3166.28,-167.06,-5.01,-0.008804,False
BKSY,2025-11-13,2025-11-14,3333.33,2860.50,-472.84,-14.19,-0.108240,False
PLTR,2025-11-13,2025-11-14,3333.33,3095.12,-238.22,-7.15,-0.046423,False
BBD-B.TO,2025-11-13,2025-11-14,3333.33,3132.40,-200.94,-6.03,-0.048029,False
LLY,2025-11-13,2025-11-14,3333.33,3334.49,1.15,0.03,0.011285,False
AI,2025-11-13,2025-11-17,3333.33,3207.74,-125.59,-3.77,-0.030386,False
LULU,2025-11-13,2025-11-27,3333.33,3532.88,199.55,5.99,-0.003839,False
LLY,2025-11-18,2025-11-19,3333.33,3374.78,41.45,1.24,0.012762,False
NEE,2025-11-18,2025-11-20,3333.33,3286.97,-46.37,-1.39,-0.015479,False
DUK,2025-11-18,2025-11-20,3333.33,3252.52,-80.81,-2.42,-0.013309,False
KLAC,2025-11-18,2025-11-20,3333.33,3524.10,190.76,5.72,0.006733,False
IONQ,2025-11-18,2025-11-21,3333.33,3043.04,-290.29,-8.71,0.036036,False
SOFI,2025-11-18,2025-11-21,3333.33,3124.26,-209.08,-6.27,-0.009008,False
PANW,2025-11-18,2025-11-21,3333.33,3074.51,-258.82,-7.76,-0.006659,False
OXY,2025-11-18,2025-11-25,3333.33,3312.42,-20.91,-0.63,0.022068,False
SCHD,2025-11-18,2025-11-26,3333.33,3372.24,38.91,1.17,0.007337,False
IYW,2025-11-18,2025-11-27,3333.33,3370.51,37.17,1.12,-0.006701,False
AMAT,2025-11-18,2025-11-27,3333.33,3646.30,312.96,9.39,-0.005325,False
FDX,2025-11-18,2025-11-27,3333.33,3482.75,149.41,4.48,0.002174,False
LLY,2025-11-20,2025-11-21,3333.33,3321.55,-11.79,-0.35,-0.001737,False
SPOT,2025-11-20,2025-11-24,3333.33,3162.64,-170.69,-5.12,-0.042055,False
NVDA,2025-11-20,2025-11-25,3333.33,2994.78,-338.55,-10.16,-0.073905,False
GS,2025-11-20,2025-11-25,3333.33,3339.60,6.27,0.19,-0.023155,False
AVGO,2025-11-20,2025-11-27,3333.33,3599.15,265.82,7.97,-0.048449,False
ROK,2025-11-20,2025-11-27,3333.33,3423.08,89.75,2.69,-0.032962,False
TSLA,2025-11-20,2025-11-27,3333.33,3418.49,85.15,2.55,-0.041472,False
META,2025-11-25,2025-11-26,3333.33,3397.93,64.60,1.94,0.017298,False
IONQ,2025-11-25,2025-11-27,3333.33,3354.54,21.21,0.64,0.009448,False
BKSY,2025-11-25,2025-11-27,3333.33,3661.34,328.01,9.84,0.063540,False
SPOT,2025-11-25,2025-11-27,3333.33,3313.95,-19.38,-0.58,-0.016334,False
AI,2025-11-25,2025-11-27,3333.33,3475.54,142.21,4.27,0.043995,False
NFLX,2025-11-25,2025-11-27,3333.33,3333.89,0.56,0.02,-0.014439,False
AMZN,2025-11-25,2025-11-27,3333.33,3369.91,36.57,1.10,0.012985,False
SLB,2025-11-25,2025-11-27,3333.33,3319.87,-13.46,-0.40,0.002019,False
BBD-B.TO,2025-11-25,2025-11-28,3333.33,3477.59,144.26,4.33,0.015686,False
NVDA,2025-11-26,2025-11-27,3333.33,3310.36,-22.97,-0.69,-0.006891,False
V,2025-11-26,2025-11-27,3333.33,3326.87,-6.46,-0.19,-0.001939,False
GS,2025-11-26,2025-11-27,3333.33,3369.69,36.36,1.09,0.010907,False
PG,2025-11-26,2025-11-27,3333.33,3339.94,6.61,0.20,0.001983,False
SOFI,2025-11-28,2025-12-01,3333.33,3337.55,4.22,0.13,0.029405,False
GOOG,2025-11-28,2025-12-01,3333.33,3278.66,-54.67,-1.64,-0.009117,False
JNJ,2025-11-28,2025-12-01,3333.33,3326.21,-7.12,-0.21,-0.000342,False
MA,2025-11-28,2025-12-01,3333.33,3330.78,-2.55,-0.08,0.003745,False
PANW,2025-11-28,2025-12-01,3333.33,3370.39,37.06,1.11,0.013958,False
PCG,2025-11-28,2025-12-01,3333.33,3318.32,-15.01,-0.45,0.001126,False
JKHY,2025-11-28,2025-12-01,3333.33,3318.09,-15.24,-0.46,0.000308,False
PLTR,2025-11-28,2025-12-02,3333.33,3366.51,33.18,1.00,0.003753,False
MSFT,2025-11-28,2025-12-02,3333.33,3328.01,-5.33,-0.16,0.008010,False
AAPL,2025-11-28,2025-12-02,3333.33,3394.04,60.71,1.82,0.005045,False
WMT,2025-11-28,2025-12-04,3333.33,3451.82,118.49,3.55,0.009957,False
INTC,2025-11-28,2025-12-04,3333.33,3810.76,477.43,14.32,0.077235,False
MU,2025-11-28,2025-12-05,3333.33,3247.74,-85.59,-2.57,0.003311,False
JBL,2025-11-28,2025-12-12,3333.33,3661.88,328.54,9.86,0.004326,False
META,2025-11-28,2025-12-31,3333.33,3468.55,135.22,4.06,0.016483,False
JPM,2025-12-01,2025-12-02,3333.33,3294.13,-39.20,-1.18,-0.011257,False
KLAC,2025-12-01,2025-12-03,3333.33,3383.44,50.11,1.50,-0.005598,False
IEX,2025-12-01,2025-12-03,3333.33,3395.02,61.68,1.85,0.011553,False
TSM,2025-12-01,2025-12-04,3333.33,3404.36,71.02,2.13,0.002294,False
PH,2025-12-01,2025-12-04,3333.33,3376.94,43.60,1.31,0.000384,False
PM,2025-12-01,2025-12-04,3333.33,3209.85,-123.48,-3.70,-0.006833,False
PEP,2025-12-01,2025-12-08,3333.33,3289.20,-44.14,-1.32,0.005292,False
BBD-B.TO,2025-12-01,2025-12-10,3333.33,3240.17,-93.17,-2.79,-0.027217,False
FDX,2025-12-01,2025-12-11,3333.33,3435.87,102.54,3.08,-0.005549,False
EOG,2025-12-01,2025-12-15,3333.33,3333.61,0.28,0.01,0.012699,False
COP,2025-12-01,2025-12-17,3333.33,3427.90,94.57,2.84,0.011449,False
NVDA,2025-12-02,2025-12-03,3333.33,3322.06,-11.27,-0.34,-0.001492,False
GOOG,2025-12-02,2025-12-04,3333.33,3390.69,57.36,1.72,-0.002464,False
PG,2025-12-02,2025-12-09,3333.33,3209.18,-124.15,-3.72,0.003480,False
BKSY,2025-12-02,2025-12-18,3333.33,3380.53,47.20,1.42,0.009803,False
AAPL,2025-12-03,2025-12-04,3333.33,3311.52,-21.81,-0.65,-0.006388,False
SOFI,2025-12-03,2025-12-08,3333.33,3160.67,-172.66,-5.18,-0.010849,False
PLTR,2025-12-03,2025-12-24,3333.33,3738.31,404.98,12.15,0.031350,False
SCHD,2025-12-04,2025-12-05,3333.33,3325.78,-7.55,-0.23,-0.002266,False
COST,2025-12-04,2025-12-05,3333.33,3304.06,-29.27,-0.88,-0.010031,False
JBHT,2025-12-04,2025-12-05,3333.33,3325.61,-7.72,-0.23,-0.000899,False
LULU,2025-12-04,2025-12-09,3333.33,3334.80,1.46,0.04,0.004341,False
PANW,2025-12-04,2025-12-16,3333.33,3194.32,-139.01,-4.17,0.007540,False
QCOM,2025-12-04,2025-12-17,3333.33,3363.83,30.50,0.91,0.000102,False
CCO.TO,2025-12-05,2025-12-08,3333.33,3229.39,-103.94,-3.12,-0.032489,False
GOOG,2025-12-05,2025-12-08,3333.33,3344.71,11.37,0.34,0.005754,False
WMT,2025-12-05,2025-12-08,3333.33,3329.15,-4.19,-0.13,0.002982,False
AMAT,2025-12-05,2025-12-09,3333.33,3292.48,-40.85,-1.23,-0.005897,False
ABBV,2025-12-05,2025-12-29,3333.33,3349.38,16.05,0.48,-0.011246,False
TSLA,2025-12-08,2025-12-10,3333.33,3324.25,-9.09,-0.27,-0.015548,False
AI,2025-12-08,2025-12-15,3333.33,3367.19,33.85,1.02,0.020312,False
COST,2025-12-08,2025-12-16,3333.33,3212.34,-120.99,-3.63,-0.006019,False
SCHD,2025-12-08,2025-12-23,3333.33,3355.30,21.96,0.66,-0.003905,False
ADBE,2025-12-08,2026-01-05,3333.33,3188.31,-145.03,-4.35,-0.020901,False
SPOT,2025-12-09,2025-12-11,3333.33,3486.90,153.57,4.61,0.019588,False
CCO.TO,2025-12-09,2025-12-12,3333.33,3497.81,164.48,4.93,0.032045,False
LMT,2025-12-09,2026-01-06,3333.33,3647.13,313.80,9.41,0.001131,False
TTWO,2025-12-10,2025-12-11,3333.33,3270.39,-62.94,-1.89,-0.011694,False
NVDA,2025-12-10,2025-12-15,3333.33,3219.18,-114.16,-3.42,-0.005797,False
JPM,2025-12-11,2025-12-12,3333.33,3433.32,99.99,3.00,0.023388,False
MSFT,2025-12-11,2025-12-15,3333.33,3354.38,21.04,0.63,0.012443,False
WMT,2025-12-11,2025-12-16,3333.33,3431.00,97.66,2.93,0.018961,False
TTWO,2025-12-12,2025-12-17,3333.33,3364.07,30.74,0.92,-0.002515,False
ROK,2025-12-12,2025-12-18,3333.33,3213.37,-119.97,-3.60,-0.017770,False
TSLA,2025-12-12,2025-12-22,3333.33,3609.28,275.95,8.28,0.021533,False
LULU,2025-12-15,2025-12-16,3333.33,3413.75,80.41,2.41,0.013229,False
PG,2025-12-15,2025-12-16,3333.33,3392.15,58.81,1.76,0.011596,False
SPOT,2025-12-15,2025-12-18,3333.33,3205.25,-128.08,-3.84,-0.027489,False
UNH,2025-12-15,2025-12-22,3333.33,3174.38,-158.95,-4.77,0.000290,False
CCO.TO,2025-12-16,2025-12-18,3333.33,3245.93,-87.40,-2.62,-0.018521,False
AMT,2025-12-16,2025-12-22,3333.33,3190.71,-142.62,-4.28,-0.005645,False
AAPL,2025-12-16,2025-12-29,3333.33,3331.94,-1.39,-0.04,0.005742,False
NVDA,2025-12-16,2025-12-31,3333.33,3557.13,223.80,6.71,0.007365,False
NFLX,2025-12-16,2026-01-12,3333.33,3200.31,-133.02,-3.99,0.006572,False
IONQ,2025-12-17,2025-12-18,3333.33,3207.02,-126.32,-3.79,-0.079234,False
LULU,2025-12-17,2025-12-18,3333.33,3584.25,250.92,7.53,0.006208,False
SOFI,2025-12-17,2025-12-24,3333.33,3393.31,59.98,1.80,-0.046509,False
CCO.TO,2025-12-22,2025-12-23,3333.33,3317.50,-15.84,-0.48,-0.006047,False
AMD,2025-12-22,2025-12-24,3333.33,3262.60,-70.74,-2.12,-0.021348,False
BKSY,2025-12-22,2025-12-29,3333.33,3130.20,-203.14,-6.09,0.087661,False
PG,2025-12-22,2026-01-06,3333.33,3264.36,-68.97,-2.07,-0.006357,False
SPOT,2025-12-22,2026-01-09,3333.33,3197.98,-135.35,-4.06,-0.001844,False
TTWO,2025-12-22,2026-01-12,3333.33,3353.08,19.74,0.59,0.004262,False
ORCL,2025-12-22,2026-01-13,3333.33,3467.64,134.30,4.03,0.007206,False
LLY,2025-12-22,2026-01-14,3333.33,3346.56,13.22,0.40,-0.000189,False
IYW,2025-12-22,2026-01-19,3333.33,3307.70,-25.63,-0.77,-0.003263,False
LULU,2025-12-23,2025-12-24,3333.33,3362.71,29.38,0.88,0.006557,False
IONQ,2025-12-23,2025-12-26,3333.33,3158.43,-174.90,-5.25,-0.022344,False
BBD-B.TO,2025-12-24,2025-12-26,3333.33,3321.01,-12.33,-0.37,-0.003698,False
CVX,2025-12-24,2025-12-26,3333.33,3333.33,0.00,0.00,0.000711,False
AMZN,2025-12-24,2025-12-30,3333.33,3321.57,-11.76,-0.35,0.000959,False
AVGO,2025-12-24,2026-01-19,3333.33,3342.03,8.70,0.26,-0.001202,False
PLTR,2025-12-26,2025-12-29,3333.33,3207.87,-125.47,-3.76,-0.029066,False
SLB,2025-12-26,2025-12-29,3333.33,3324.64,-8.69,-0.26,-0.004031,False
SCHD,2025-12-26,2026-01-05,3333.33,3365.89,32.56,0.98,0.000000,False
AMD,2025-12-29,2025-12-30,3333.33,3393.20,59.86,1.80,0.016870,False
COP,2025-12-29,2025-12-30,3333.33,3377.42,44.09,1.32,0.006173,False
MA,2025-12-29,2025-12-31,3333.33,3317.96,-15.38,-0.46,-0.002580,False
LULU,2025-12-29,2026-01-13,3333.33,3346.25,12.92,0.39,0.019548,False
IONQ,2025-12-29,2026-01-19,3333.33,3682.41,349.08,10.47,-0.004118,False
PFE,2025-12-30,2026-01-05,3333.33,3356.15,22.81,0.68,-0.000720,False
AAPL,2025-12-30,2026-01-07,3333.33,3230.52,-102.81,-3.08,0.000867,False
PNW,2025-12-30,2026-01-19,3333.33,3486.43,153.10,4.59,0.001108,False
ROK,2025-12-31,2026-01-05,3333.33,3395.22,61.89,1.86,-0.010460,False
PAYX,2025-12-31,2026-01-14,3333.33,3237.43,-95.90,-2.88,-0.007704,False
ABBV,2026-01-02,2026-01-08,3333.33,3364.62,31.28,0.94,0.002238,False
AMD,2026-01-05,2026-01-06,3333.33,3233.26,-100.07,-3.00,-0.036513,False
NVDA,2026-01-05,2026-01-06,3333.33,3313.80,-19.54,-0.59,-0.017206,False
PKG,2026-01-05,2026-01-06,3333.33,3384.17,50.83,1.52,0.003908,False
BKSY,2026-01-05,2026-01-08,3333.33,3769.54,436.20,13.09,0.042898,False
QCOM,2026-01-06,2026-01-13,3333.33,3160.61,-172.72,-5.18,0.026541,False
MSFT,2026-01-06,2026-01-14,3333.33,3287.40,-45.94,-1.38,0.008843,False
MA,2026-01-06,2026-01-14,3333.33,3212.99,-120.34,-3.61,0.017287,False
AMZN,2026-01-06,2026-01-15,3333.33,3425.85,92.52,2.78,0.033991,False
TSLA,2026-01-06,2026-01-19,3333.33,3276.47,-56.86,-1.71,-0.025780,False
LMT,2026-01-07,2026-01-12,3333.33,3466.91,133.57,4.01,-0.048188,False
PLTR,2026-01-08,2026-01-09,3333.33,3193.23,-140.10,-4.20,-0.042813,False
GOOG,2026-01-08,2026-01-13,3333.33,3388.85,55.52,1.67,-0.009014,False
META,2026-01-09,2026-01-12,3333.33,3365.03,31.70,0.95,0.010220,False
BKSY,2026-01-09,2026-01-13,3333.33,3677.97,344.64,10.34,0.009038,False
UPS,2026-01-12,2026-01-13,3333.33,3311.91,-21.42,-0.64,0.001419,False
UNH,2026-01-12,2026-01-14,3333.33,3280.59,-52.75,-1.58,-0.002380,False
PCG,2026-01-12,2026-01-15,3333.33,3356.10,22.76,0.68,-0.004553,False
GS,2026-01-12,2026-01-19,3333.33,3416.93,83.60,2.51,0.013928,False
SCHD,2026-01-13,2026-01-14,3333.33,3336.50,3.16,0.09,0.000949,False
LMT,2026-01-13,2026-01-14,3333.33,3316.88,-16.45,-0.49,-0.002802,False
COST,2026-01-13,2026-01-15,3333.33,3384.28,50.94,1.53,0.003617,False
NFLX,2026-01-13,2026-01-19,3333.33,3285.16,-48.17,-1.45,0.008831,False
PLTR,2026-01-13,2026-01-19,3333.33,3201.40,-131.93,-3.96,0.000425,False
AAPL,2026-01-13,2026-01-19,3333.33,3297.11,-36.22,-1.09,0.007936,False
GOOG,2026-01-14,2026-01-15,3333.33,3360.25,26.91,0.81,0.003485,False
KO,2026-01-14,2026-01-16,3333.33,3296.19,-37.15,-1.11,0.003419,False
AI,2026-01-14,2026-01-19,3333.33,3222.58,-110.75,-3.32,0.024586,False
EOG,2026-01-14,2026-01-19,3333.33,3269.54,-63.80,-1.91,0.017512,False
BLK,2026-01-14,2026-01-19,3333.33,3560.65,227.31,6.82,0.015694,False
CAT,2026-01-14,2026-01-19,3333.33,3391.38,58.04,1.74,0.006331,False
PANW,2026-01-14,2026-01-19,3333.33,3286.01,-47.32,-1.42,0.001024,False
SCHD,2026-01-15,2026-01-16,3333.33,3332.30,-1.03,-0.03,0.000931,False
LMT,2026-01-15,2026-01-16,3333.33,3382.71,49.37,1.48,0.014316,False
ABBV,2026-01-15,2026-01-19,3333.33,3247.71,-85.62,-2.57,-0.022995,False
ROK,2026-01-15,2026-01-19,3333.33,3302.07,-31.26,-0.94,0.002365,False
RGTI,2026-01-16,2026-01-19,3333.33,3394.78,61.44,1.84,0.018433,False
SOFI,2026-01-16,2026-01-19,3333.33,3286.75,-46.59,-1.40,-0.013976,False
GOOG,2026-01-16,2026-01-19,3333.33,3291.95,-41.38,-1.24,-0.012415,False
LMT,2026-01-20,2026-01-21,3333.33,3313.26,-20.07,-0.60,-0.006022,False
BA,2026-01-20,2026-01-21,3333.33,3386.65,53.31,1.60,0.016386,False
IVZ,2026-01-20,2026-01-21,3333.33,3335.38,2.04,0.06,-0.022360,False
AMAT,2026-01-20,2026-01-22,3333.33,3485.16,151.82,4.55,0.005744,False
SCHD,2026-01-20,2026-01-22,3333.33,3381.07,47.73,1.43,0.000000,False
PEG,2026-01-20,2026-01-23,3333.33,3306.71,-26.63,-0.80,-0.006638,False
JNJ,2026-01-20,2026-01-26,3333.33,3375.31,41.97,1.26,0.004520,False
PH,2026-01-20,2026-01-26,3333.33,3341.75,8.42,0.25,0.003248,False
PCG,2026-01-20,2026-01-27,3333.33,3227.48,-105.85,-3.18,-0.025405,False
KDP,2026-01-20,2026-01-27,3333.33,3369.53,36.19,1.09,0.022703,False
UPS,2026-01-20,2026-01-28,3333.33,3376.46,43.12,1.29,0.004536,False
ITW,2026-01-20,2026-01-29,3333.33,3330.73,-2.60,-0.08,-0.019488,False
KO,2026-01-20,2026-02-02,3333.33,3547.20,213.87,6.42,0.022412,False
AMZN,2026-01-20,2026-02-04,3333.33,3397.01,63.67,1.91,-0.010338,False
RGTI,2026-01-23,2026-01-26,3333.33,3149.70,-183.64,-5.51,-0.054368,False
CCO.TO,2026-01-23,2026-01-26,3333.33,3384.90,51.56,1.55,0.000904,False
XOM,2026-01-23,2026-01-26,3333.33,3374.32,40.99,1.23,-0.000802,False
AMD,2026-01-23,2026-01-26,3333.33,3281.16,-52.17,-1.57,-0.005299,False
LLY,2026-01-23,2026-01-26,3333.33,3276.99,-56.35,-1.69,-0.015270,False
ASML,2026-01-23,2026-01-26,3333.33,3351.77,18.44,0.55,0.007368,False
BBD-B.TO,2026-01-23,2026-01-27,3333.33,3063.22,-270.11,-8.10,-0.006805,False
GS,2026-01-23,2026-01-28,3333.33,3328.70,-4.64,-0.14,-0.013465,False
NVDA,2026-01-23,2026-01-29,3333.33,3394.81,61.48,1.84,0.000816,False
TSLA,2026-01-23,2026-01-30,3333.33,3191.97,-141.36,-4.24,0.003131,False
COST,2026-01-26,2026-01-27,3333.33,3306.76,-26.58,-0.80,-0.007982,False
BLK,2026-01-26,2026-01-27,3333.33,3301.38,-31.95,-0.96,-0.009601,False
PEP,2026-01-26,2026-01-27,3333.33,3352.95,19.62,0.59,0.006629,False
MSFT,2026-01-26,2026-01-30,3333.33,3167.45,-165.88,-4.98,0.009462,False
SPOT,2026-01-26,2026-02-02,3333.33,3224.63,-108.71,-3.26,-0.005870,False
IYW,2026-01-26,2026-02-02,3333.33,3299.50,-33.83,-1.02,0.005749,False
WMT,2026-01-26,2026-02-03,3333.33,3481.90,148.57,4.46,-0.001297,False
EOG,2026-01-26,2026-02-06,3333.33,3443.99,110.66,3.32,-0.017177,False
XOM,2026-01-27,2026-01-28,3333.33,3387.03,53.70,1.61,0.010431,False
JNJ,2026-01-27,2026-01-28,3333.33,3391.79,58.46,1.75,0.009725,False
NFLX,2026-01-27,2026-01-29,3333.33,3299.38,-33.95,-1.02,0.003150,False
PLTR,2026-01-27,2026-01-29,3333.33,3156.47,-176.86,-5.31,-0.009588,False
AMD,2026-01-27,2026-02-02,3333.33,3137.25,-196.09,-5.88,-0.000467,False
AAPL,2026-01-27,2026-02-03,3333.33,3451.24,117.91,3.54,-0.003174,False
META,2026-01-28,2026-01-30,3333.33,3568.06,234.73,7.04,-0.007666,False
SOFI,2026-01-28,2026-02-02,3333.33,2980.65,-352.68,-10.58,-0.031848,False
MA,2026-01-28,2026-02-03,3333.33,3515.63,182.30,5.47,-0.000997,False
V,2026-01-28,2026-02-06,3333.33,3377.29,43.96,1.32,0.000680,False
IONQ,2026-01-29,2026-01-30,3333.33,3171.96,-161.38,-4.84,-0.051562,False
XOM,2026-01-29,2026-01-30,3333.33,3299.11,-34.22,-1.03,0.001234,False
CVX,2026-01-29,2026-01-30,3333.33,3332.81,-0.53,-0.02,-0.007676,False
JNJ,2026-01-29,2026-01-30,3333.33,3326.15,-7.18,-0.22,-0.005954,False
BKSY,2026-01-30,2026-02-02,3333.33,3045.09,-288.25,-8.65,-0.081001,False
CCO.TO,2026-01-30,2026-02-02,3333.33,3208.40,-124.93,-3.75,-0.023891,False
HON,2026-01-30,2026-02-02,3333.33,3326.76,-6.57,-0.20,0.003076,False
PHM,2026-01-30,2026-02-02,3333.33,3286.27,-47.06,-1.41,-0.010747,False
IR,2026-01-30,2026-02-03,3333.33,3369.37,36.03,1.08,-0.021115,False
INTC,2026-01-30,2026-02-06,3333.33,3432.83,99.50,2.99,-0.046537,False
JBL,2026-01-30,2026-02-06,3333.33,3538.39,205.06,6.15,-0.015416,False
CVX,2026-02-02,2026-02-03,3333.33,3340.79,7.46,0.22,0.003001,False
MU,2026-02-02,2026-02-03,3333.33,3549.40,216.07,6.48,0.055393,False
NVDA,2026-02-02,2026-02-04,3333.33,3211.67,-121.67,-3.65,-0.007498,False
NEE,2026-02-02,2026-02-04,3333.33,3387.37,54.03,1.62,-0.018453,False
IEX,2026-02-02,2026-02-04,3333.33,3366.73,33.39,1.00,0.002493,False
KDP,2026-02-02,2026-02-04,3333.33,3421.93,88.60,2.66,0.001641,False
ABBV,2026-02-02,2026-02-05,3333.33,3226.77,-106.56,-3.20,0.003177,False
TSLA,2026-02-02,2026-02-05,3333.33,3171.07,-162.27,-4.87,0.001043,False
NFLX,2026-02-02,2026-02-06,3333.33,3285.76,-47.57,-1.43,-0.008263,False
SPOT,2026-02-03,2026-02-04,3333.33,3098.24,-235.10,-7.05,-0.054578,False
LULU,2026-02-03,2026-02-04,3333.33,3276.48,-56.85,-1.71,-0.024805,False
SCHD,2026-02-03,2026-02-04,3333.33,3395.35,62.01,1.86,0.015604,False
META,2026-02-03,2026-02-05,3333.33,3152.16,-181.18,-5.44,-0.019450,False
AI,2026-02-03,2026-02-05,3333.33,3294.80,-38.53,-1.16,-0.014037,False
IYW,2026-02-03,2026-02-06,3333.33,3175.10,-158.23,-4.75,-0.024134,False
PLTR,2026-02-04,2026-02-05,3333.33,2980.83,-352.50,-10.58,-0.090278,False
SLB,2026-02-04,2026-02-05,3333.33,3365.23,31.90,0.96,0.027082,False
MA,2026-02-04,2026-02-05,3333.33,3360.67,27.34,0.82,0.006071,False
WMT,2026-02-04,2026-02-05,3333.33,3343.87,10.54,0.32,-0.000913,False
MU,2026-02-04,2026-02-05,3333.33,3041.05,-292.29,-8.77,-0.066754,False
GOOG,2026-02-04,2026-02-06,3333.33,3156.31,-177.02,-5.31,-0.026779,False
GS,2026-02-04,2026-02-06,3333.33,3246.58,-86.75,-2.60,-0.021194,False
PFG,2026-02-04,2026-02-06,3333.33,3401.10,67.76,2.03,0.011441,False
SCHD,2026-02-05,2026-02-06,3333.33,3343.99,10.66,0.32,-0.000291,False
BBD-B.TO,2026-02-05,2026-02-06,3333.33,3316.12,-17.22,-0.52,-0.018814,False
NEE,2026-02-05,2026-02-06,3333.33,3315.77,-17.56,-0.53,-0.007852,False
DE,2026-02-05,2026-02-06,3333.33,3354.76,21.43,0.64,0.002929,False
HON,2026-02-05,2026-02-06,3333.33,3346.22,12.89,0.39,0.000451,False
PNC,2026-02-05,2026-02-06,3333.33,3389.02,55.69,1.67,0.008110,False
INCY,2026-02-05,2026-02-06,3333.33,3499.47,166.14,4.98,0.000439,False
JBHT,2026-02-05,2026-02-06,3333.33,3316.47,-16.86,-0.51,-0.000979,False
SLB,2026-02-06,2026-02-06,3333.33,3406.06,72.73,2.18,0.021818,True
MA,2026-02-06,2026-02-06,3333.33,3310.40,-22.93,-0.69,-0.006880,True
LLY,2026-02-06,2026-02-06,3333.33,3339.12,5.78,0.17,0.001735,True
KO,2026-02-06,2026-02-06,3333.33,3353.63,20.30,0.61,0.006089,True
WMT,2026-02-06,2026-02-06,3333.33,3425.35,92.02,2.76,0.027605,True
INVH,2026-02-06,2026-02-06,3333.33,3312.83,-20.50,-0.62,-0.006151,True
JCI,2026-02-06,2026-02-06,3333.33,3369.24,35.91,1.08,0.010772,True
